actor_id,name
1,Lindsay Jones
2,Leslie Rogers
3,Jessica Clark
4,Kelly Douglas
5,Kristina Young
6,Erica Johnson
7,Yolanda Blankenship
8,Jennifer Carney
9,Cheryl Reed MD
10,Paul Williams
11,John Brock
12,Christie Wright DDS
13,Cindy Pierce
14,Jeffrey Phillips
15,Candace Nash
16,Gene Johnson
17,Kimberly Cook
18,Melissa Gonzalez
19,Lindsey Harris
20,Harold Hall
21,Steven Curry
22,Alyssa Blankenship
23,Dana Jones
24,Danielle Taylor
25,James Davis
26,Laurie Ross
27,Joseph Roberts
28,Diane Santiago
29,Joshua Swanson
30,Don Moran
31,Emily Rose
32,Ryan Nguyen
33,Henry Macdonald
34,Anthony Diaz
35,David Valencia
36,Benjamin Smith
37,Gregory Hammond
38,David Snyder
39,Lindsey Williams
40,Robert Edwards
41,James Morgan
42,Alison Miller
43,Alan Alvarez
44,Todd Schneider
45,Robert Mcbride
46,Michele Jones
47,Michael Moore
48,Matthew Burgess
49,Heather Johnson
50,Angela Smith
51,Melissa Roberts
52,Joseph Jenkins
53,Jeffrey Andrade
54,Shawn Taylor
55,Madeline Kim
56,Meredith Whitehead
57,Paul Mendez
58,Eric Wilkins
59,John Clark
60,Diane Henderson
61,Karen Jackson
62,Lisa Mclaughlin
63,Diana Williams
64,Ernest Morgan
65,Gregory Duncan
66,James Miller
67,Geoffrey Clark
68,Richard Shaw
69,Gene Jacobs
70,Theresa Sullivan
71,Amy Bates MD
72,Linda Black
73,Marcus Lee
74,Nathan Stewart
75,Angie Jones
76,Casey Norton
77,Michael Benton
78,Traci Stephens
79,Paul Jones
80,James Owens
81,Martha Mcgrath
82,Alexander Mullen
83,John Vasquez
84,Jennifer White
85,Chelsea Duran
86,Mr. Dustin Fletcher
87,Christine Hill
88,Troy Harding
89,Kyle Lopez
90,Allison Beltran
91,Richard Powers
92,Rodney Marshall DDS
93,Henry Collins
94,William Hopkins
95,Mrs. Stacy Zuniga
96,Kerri Willis
97,James Mcconnell
98,Tara Anthony
99,Lawrence Benjamin
100,Casey Sloan
101,Angela Bennett
102,Ryan Garrett
103,Phyllis Jones
104,Dana Stanley
105,Jordan Evans
106,Dennis Harris
107,Marc White
108,Jeremy Benson
109,Benjamin Erickson
110,Heather Diaz
111,Paula Anderson
112,Kevin Fernandez
113,Vanessa Cox
114,Melissa Rhodes
115,Deborah Williams
116,Mark Freeman
117,Scott Martinez
118,Theresa Yang MD
119,Barbara Neal
120,Katrina Harris
121,Jonathan Rodgers
122,Dylan Brown
123,Shannon Perkins
124,Sean Cobb
125,Pamela Lowe
126,Stephen Salinas
127,Douglas Moore
128,Christopher Nelson
129,Jessica Shea
130,Brandon Hernandez
131,Alexandra Riley
132,Gary Lewis MD
133,Chelsea Davis
134,Tammy Hughes
135,Lori Martin
136,Gary Cole
137,Mario Duncan
138,Christine Holden
139,Thomas Williamson
140,Joseph King
141,Pamela Manning
142,Deborah Shelton
143,Sarah White MD
144,Tiffany Carter
145,Jason Patrick
146,Brittney Hall
147,Jamie Cook
148,Carrie Flores
149,Cassie Glenn
150,Theresa Miller
151,Jeffrey Everett
152,Mrs. Catherine Williams
153,Gregory Smith
154,Patrick Burns
155,John Miller
156,Donna Young
157,Christy Santiago
158,Kevin Stewart
159,Kelly Wright
160,Sarah Rodriguez MD
161,John Reynolds
162,Joseph Rowe
163,Mark Pierce
164,Sharon Sanchez
165,James Taylor
166,Erika Snyder
167,Rebecca Brown
168,Kristina Barnett
169,Evan Thompson
170,April Howard
171,Mrs. Carrie Guzman DDS
172,Maureen Lopez
173,Lori Hubbard
174,Raymond Ford
175,Angela Williams
176,Elizabeth Lewis
177,Laurie Smith
178,Carolyn King
179,Kevin Gilbert
180,Cynthia Medina
181,Christina Williams
182,Allison Harrison
183,Christopher Jefferson
184,Amanda Barnes
185,Gregory Lambert
186,Paula Downs
187,Tara Rosales
188,Nathan Neal
189,Monica Santos
190,Kimberly Davis
191,Matthew Nelson
192,Donald Nelson
193,Phillip Gibbs
194,Jacob Lee
195,Kyle Coffey
196,Matthew Porter
197,Amy Cruz
198,John Sharp
199,Jason Robbins MD
200,Sean Velazquez
201,Carly Phillips DVM
202,Brenda Mcdonald
203,Valerie Hill
204,Veronica Marks
205,Shawn Johnson
206,Jenna Phillips
207,Daniel Williams
208,Scott Gonzales
209,Kyle Hampton
210,Whitney Miller
211,Peter Kent
212,Paul Travis
213,Oscar Burke
214,Elizabeth Hodge
215,Jessica Moore
216,Lori Moore
217,Jessica Lee
218,Laura Heath
219,Michelle Kelley
220,Gregory Stein
221,Angela Ward
222,Susan Patel
223,Joshua Stokes
224,Kelsey Mitchell
225,Randy Leonard
226,Melanie Randall
227,Lisa Williams
228,Carolyn Wilson
229,Lucas Wallace
230,Jennifer Ferguson
231,Michael Tapia
232,Ann Owens
233,Scott Macias
234,Thomas Benjamin
235,Eric Arroyo
236,James Murray
237,Douglas Cooper
238,Diana Wilson
239,William Miller
240,April Davis
241,Douglas Clark
242,Mark Carr
243,Jessica Yang
244,Heather Smith
245,Gabriella Morgan
246,Jessica Perez
247,Michael Whitehead
248,Sandra Lee
249,Donna Coleman
250,Joshua Sherman
251,Troy Mccoy
252,Rebecca Simmons
253,Barbara Butler
254,Jill Garcia
255,Amanda Ortiz
256,Ronald Ruiz
257,Jake Cordova
258,Melissa Washington
259,Angela Nelson
260,Ana Haynes
261,Jessica Daniels
262,Barbara Boyd
263,Angela Adams
264,Phillip Atkinson
265,Brenda Watkins
266,Becky Wood
267,Mr. Jesse Clark
268,Miss Amy Brock DVM
269,Cameron Scott
270,Tyrone Zimmerman
271,Christopher Ray
272,Thomas Black
273,Michelle Cross
274,Lisa Bailey
275,Douglas Rush
276,Robert Taylor
277,Matthew Smith
278,Adam King
279,George Berry
280,Andrea Lang
281,Jason Massey
282,Kristin Williams
283,Frederick Atkinson
284,Charlotte Lane
285,Steven Smith
286,Tiffany Fox
287,William Chung
288,Samantha Beck
289,Brandon Pittman
290,Matthew Hernandez
291,Christine Yu
292,Jeffrey Blankenship
293,Ronald Cunningham
294,Austin Zavala
295,Timothy Patrick
296,Sherri Wright
297,Kevin Gutierrez
298,Anna Hernandez
299,David Gibson
300,Melissa Atkins
301,Jose Sullivan
302,Arthur Giles DDS
303,Sierra Walsh
304,Gina Long
305,Kelly Watkins
306,Andrea Abbott
307,James James
308,Becky Williams
309,Kimberly Thomas
310,Mrs. Stephanie Bonilla MD
311,Julie Marshall
312,Joseph Guerrero
313,Andre Baker
314,John Duran
315,Brandy Morales
316,Rachel Cortez
317,Joy Smith
318,Devin Gomez
319,Jerome Nelson
320,Roger Hampton
321,Mary Eaton
322,Mary Nelson
323,Scott Whitehead
324,Eddie Hall
325,Tammy Winters
326,Aaron Crawford
327,Juan Thomas
328,Peter Mills
329,Wendy Jones
330,Shelby Mccarty
331,Scott Long
332,John Mitchell
333,Patrick Stewart
334,David Hughes
335,Daniel Lewis
336,Jonathon Wilson
337,Katrina Turner
338,James Barnes
339,Shannon Hines
340,Michael Ingram
341,Larry Baldwin
342,Tiffany Brewer
343,Travis Wallace
344,Theodore Smith
345,Daniel Graham
346,Debbie Braun
347,Kevin Scott
348,Joseph Chandler
349,Christina Garcia
350,Jesse Cooper
351,Taylor Harper
352,Amber Galvan
353,Kayla Smith
354,Shaun Mclean
355,Shane Klein
356,Allen Mclaughlin
357,Michelle Terrell
358,Travis Ortiz
359,Justin Cohen
360,Kenneth Mcdaniel MD
361,Kirk Wagner
362,Trevor Vaughn
363,Ryan Medina
364,Andres Hall
365,Alexander Contreras
366,Keith Pittman
367,Robin Phillips
368,Susan Martin DDS
369,Bruce Huang
370,Larry Thompson
371,Ryan Brown
372,Carl Miller
373,Jenny Orozco
374,Victor Wright
375,Brandon Adams
376,Sara Mckinney
377,Monica Carter
378,Patricia Adams
379,Rhonda Medina
380,Dr. Anthony Pace
381,Aaron Werner
382,Alex Rivera
383,Shannon Cooper
384,Todd Spencer
385,Nathan Stout
386,Jeffrey Callahan
387,Stephanie Rivera
388,Amy Noble
389,Robin Mitchell
390,Jessica Jimenez
391,Ashley Tyler
392,George Hutchinson
393,Amanda Matthews
394,Jessica Ritter
395,Joel Sanders
396,Michael Wright
397,Evelyn Hunter
398,Matthew Cannon
399,David Compton
400,William King
401,David Davis
402,Julie Griffith
403,Danielle Paul
404,Joyce Mcguire
405,Jasmine Fox
406,Barbara Myers
407,Katherine Hernandez
408,Ronald Lang
409,Kevin Moore
410,David Ponce
411,Cole Foster
412,Denise Smith
413,Taylor King
414,Sandra Wilson
415,Derrick Edwards
416,Sarah Holt
417,Mary Powers
418,Amber Stewart MD
419,Troy Beltran
420,William Clark
421,Michael Hudson
422,Adam Gibson
423,Brooke Fowler
424,Cynthia Tran
425,Heather Ponce
426,Amy Garner
427,Mr. Robert Orozco
428,Lisa Frazier
429,Miranda Pennington
430,Jennifer Hull
431,Taylor Herrera
432,Paul Jones
433,Jessica Robinson
434,Steven Ball
435,John Moore
436,Patrick Collins
437,Kristin Quinn
438,Julia Haney
439,Amanda Nash
440,Jack Jacobs
441,Leah Ballard
442,Christopher Atkinson
443,Frank Rodriguez
444,Shannon Hampton
445,Mark Thomas
446,Laura Cowan
447,Jim Parker
448,Jeffrey Allen
449,Lawrence Johnson
450,Kathryn Lewis
451,Monica Woods
452,Brandi Mooney
453,Jeremy Nicholson
454,Jacqueline Moore
455,Matthew Hunter
456,Kimberly Weaver
457,Melanie Rodriguez
458,Andrew Bates
459,Summer Conway
460,Rachel Proctor
461,Douglas Ward
462,Natalie Ward
463,Andrew Wilson
464,Brian Tran
465,Dennis Smith
466,David Graham
467,James Cox
468,Christopher Baker
469,Tony White
470,Austin Cannon
471,Brandon Alexander
472,Andrew Love
473,Samantha Williamson
474,Maria Murphy
475,Christopher Francis
476,Devon Jones
477,James Scott
478,Melinda Jones
479,Brian Smith
480,Karen Flowers
481,Mr. Charles Chavez
482,David Hensley
483,Margaret Robertson
484,Brian Smith
485,Theresa Boone
486,Emily Goodman
487,Steven Curtis
488,Mr. Nathan Fox
489,Austin Smith
490,Whitney Thomas
491,Catherine Fuller
492,Charles Medina
493,Katherine Jones
494,Jordan Armstrong
495,Jacob Taylor
496,Christopher Cole
497,Richard Gutierrez
498,Yvonne Miller
499,Warren Parsons
500,Diane Watson
501,Ronald Johnson
502,Jeremy Price
503,Roger Bauer
504,Barbara Green
505,Deborah Atkins
506,Christina Powell
507,Sean Osborne
508,David Hawkins
509,Gerald Patterson
510,Christian Anderson
511,Regina Brewer
512,David Zimmerman
513,Cassie Harvey
514,Jeffrey Davis
515,James Sanchez
516,Stacey Perkins
517,Holly Solis
518,Michael Lee
519,Janet Kirk
520,Danny Boyd
521,Elizabeth Little
522,Steven Davis
523,Joshua Valentine
524,Jonathan Brown
525,Brittany Ware
526,Bill Evans
527,Cassandra Davis
528,Karen Meadows
529,Jessica Oconnell
530,Sarah Holloway
531,Phyllis Sanchez
532,Nancy Cooke
533,Michelle Hood
534,Joseph Fowler
535,Daniel Gordon
536,Gregory Perry
537,Samantha Mcintosh
538,William Watkins
539,Heather Hendrix
540,Joseph Carter
541,Michael Randall
542,Vanessa Gates
543,Patricia Oliver
544,Danielle Miller
545,Kyle Gill
546,Melissa Jackson
547,Robert Cortez
548,David Decker
549,Heather Stone
550,Kurt Miller
551,Brandon Reed
552,Andrew Eaton
553,Robin Harris
554,Natalie Brown
555,Alexa Haley
556,Courtney Reese
557,Toni Salinas
558,Marcus Weber
559,Ralph Mcbride
560,Joann Davidson
561,Cindy Robinson
562,Rodney Haynes
563,John Bowman
564,Steven Pham
565,Jay Phillips
566,Melinda Greer
567,Oscar Lester
568,Harold Burke
569,Crystal Lam
570,Maria Johnson
571,Dr. Felicia Johnson
572,Carol Mueller
573,Zachary Morris
574,David Richardson
575,Brooke Hines
576,Christopher Avila
577,Aaron Woods
578,Kerry Garrett
579,Christopher Meyer
580,Katie Aguirre
581,Jesus Edwards
582,Jamie Sanders
583,Joshua Johnson
584,Anthony Murphy
585,Joseph Mckinney DVM
586,Ernest Cherry
587,Joy Thomas
588,Bradley Ramirez
589,Mitchell Sharp
590,Kayla Hall
591,Bradley Cordova
592,Jorge Anderson
593,Timothy Moore
594,Bruce Brown
595,Carolyn Conner
596,William Garrison
597,Sarah Davis
598,Jennifer Myers
599,Marcus Velazquez
600,Donna Moore
601,Jordan Walters
602,Matthew Nelson
603,Christopher Boyer
604,Matthew Thomas
605,John Warren
606,Tina Mejia
607,Gail Nelson
608,Arthur Walker
609,Natalie Bryan
610,Ross Baker
611,Jill Green
612,Sandy Wood
613,Amy Brown
614,Ronald Lyons
615,Margaret Wilson
616,Aaron Webb
617,Brian Nelson
618,Barbara Porter
619,Andrew Ferguson
620,Richard King
621,Joseph Rodriguez
622,Erica Scott
623,Earl Black
624,Elizabeth Garrett
625,Kristin Carroll
626,Brian King
627,Brandy Green
628,Samuel Pineda
629,Paul Mendoza
630,Emily Davis
631,Kimberly Jenkins
632,Henry Short
633,Matthew Nguyen
634,Ashley Hays
635,Jennifer Perry
636,Katherine Vaughn
637,Dr. Richard Cooper DDS
638,Mark Marsh
639,Cynthia Dunn
640,Jennifer Williams
641,Kaitlin Meyers
642,Sherri Benton
643,Kevin Archer
644,Philip Kelly
645,Tara Shelton
646,Felicia Butler
647,Lisa Barker
648,Kristina Ferrell
649,Christine Stanton
650,Jessica Stafford
651,Dana Zamora
652,Chad Smith
653,Kim Martin
654,Melissa Lindsey
655,Joseph Sullivan
656,Zachary Carlson
657,Breanna Kelley
658,Thomas Rodriguez
659,Michael Allen
660,Scott Garcia
661,Elizabeth Spencer
662,Jacob Nelson MD
663,Shane Howard
664,Ryan Stewart
665,David Chan
666,Emily Hudson
667,Guy Rodriguez
668,Daniel Orr
669,Stacy Cross
670,Scott Young
671,Colleen Gomez
672,John Robertson
673,Rachel Black
674,Tracey Valencia
675,Lynn Ellis
676,Robert Harris
677,Jackson Braun
678,Jeffrey Rios
679,Christopher Mclaughlin
680,Megan Bryan
681,Edward Arias
682,Ashley Sanchez
683,Juan Chandler
684,Timothy White
685,Aaron Anderson
686,James Smith
687,Jocelyn Ramirez
688,Sarah Miller
689,Donna Martin
690,Shannon Daniel
691,Angie Black
692,Cassidy Smith DDS
693,Karen Carlson
694,Thomas Sanchez
695,Kathleen Jones
696,Bryan Thomas
697,Daniel Richardson
698,Brian Molina
699,Mary Williams
700,Travis Franklin
701,Alexis Gonzalez
702,Hannah Davis
703,Dawn Rodriguez
704,Joseph Hill
705,Matthew Elliott
706,David Castillo PhD
707,Cynthia Wright
708,Diana Francis
709,Briana Brown
710,Alison Soto
711,Victoria Wallace
712,Robert Stewart
713,Sara Wilson
714,Jennifer Black
715,Melissa Stanley
716,Vincent Olson
717,Tonya Andrade
718,Frank Adams
719,Keith Watts DDS
720,Amber Espinoza
721,Christopher Mcneil
722,Kimberly Tyler
723,Lisa Robinson
724,Brian Clark
725,Rebecca Schroeder
726,Jacqueline Wagner
727,Andrea Ross
728,James Holmes
729,Kathryn Garcia
730,Kathryn Nelson
731,Amanda Mcdonald
732,Michael Diaz
733,Jordan Watson
734,Matthew Marshall
735,Heather Smith
736,Ryan Combs
737,Jon Tran
738,Melody Rodriguez
739,Craig Ballard
740,Cynthia Cabrera
741,Amanda Tate
742,Zachary Davis
743,Christina Rose
744,Brenda Morrow
745,Courtney Davila
746,Benjamin Strickland
747,Deanna Fox
748,Linda Hess
749,Ellen Stephens
750,Michael Palmer
751,Kenneth Hughes
752,Elizabeth Miller
753,Morgan Rice
754,Elizabeth Clark
755,Jacqueline Rice
756,Michele Arroyo
757,Jacob Garrett
758,Daniel Burke
759,Jason Gray
760,William Khan
761,Caitlyn Scott
762,Thomas Turner
763,Brenda Walker
764,Miguel Johnson
765,Adam Evans
766,Travis Bailey
767,Rick Gonzalez
768,Daniel Cooley
769,Eric Taylor
770,Donna Lynch
771,Joshua Williamson
772,Joseph Brown
773,Stephanie Morgan
774,Christopher Glover
775,Joy Hall
776,Tammy Wilson
777,Sherry Boyer
778,Amanda Ellis
779,Jeremiah Key
780,Thomas Torres
781,Kim Griffith
782,Randall Foster
783,Marissa Terrell
784,Scott Powell
785,Wanda Tucker
786,Dr. Jesse French
787,Robert Palmer
788,Michael Campbell
789,David Ross
790,Jeffrey Clarke
791,Michael Hill
792,Brian Brooks
793,Samuel Wright
794,Brittany Stark
795,Todd Montes
796,Casey Oconnor
797,Clifford Roberts
798,Jordan Martinez
799,Jamie Harris
800,Todd Gonzales
801,Erin Mclaughlin
802,Eric Mccarthy
803,Kathy Perez
804,Beth Hardin
805,Brian Reid
806,Cathy Swanson
807,Megan Blake
808,Taylor Rivera
809,Caroline Miller
810,Christopher Mccoy
811,Jennifer Phelps
812,Jennifer Montgomery
813,Richard Richards
814,Michael Wright
815,Katherine Werner
816,Andrew Dean
817,Mr. Ronald Guzman
818,Nathan Hernandez
819,Michele Avila
820,Thomas Mckay
821,Lisa Hayden
822,Brent Douglas
823,Anthony Larsen
824,Scott Franklin
825,Kristy Schneider
826,Meagan Williams
827,Nichole Berry
828,Brenda Thomas
829,Carrie Hill
830,Dr. Arthur Sanders
831,Kyle Jones
832,Sarah Adams
833,Rachel Zhang
834,Jessica Bennett
835,Christina Hall
836,Paula Charles
837,Ronald Hicks
838,Michael Simmons
839,Amanda Perez
840,Jeff Weiss
841,Amanda Mercer MD
842,David Ferguson
843,Angela Weaver
844,Elaine Vasquez
845,David Smith
846,Matthew Roberts
847,Aaron Clark
848,Kelly Thompson
849,Scott Rocha
850,Charles Rogers
851,Debra Whitney
852,Debra Green
853,William Horton
854,Alicia Rose
855,Marc Smith
856,Lisa Mills
857,Christine Castillo
858,Shelby Gilbert
859,Abigail Gonzalez
860,Michael Coleman
861,Glenda Lyons
862,Mrs. Katie Price
863,Lisa Wright
864,Francisco Webb
865,Christopher Walker
866,Michael Valencia MD
867,Joseph Schwartz
868,Vincent Lambert
869,Joshua Marsh DVM
870,John Taylor
871,Christopher Terry
872,Joseph Mccoy
873,William Webb
874,Dylan Sanders
875,Nicole Jenkins
876,Christopher Morgan
877,Mackenzie Bryant
878,Megan Hall
879,Steven Hughes
880,Susan Wilson
881,Taylor Burton
882,Zachary Newman
883,Kurt Barnes
884,Taylor Dixon
885,Andrew Campbell
886,Dustin Gross
887,Lisa Park
888,Daniel Keller
889,Joseph Ellison
890,Sara Stewart
891,Jonathan Taylor
892,Cheryl Daniels
893,Megan Hicks
894,Patrick Adkins
895,Theresa Phillips
896,Zachary Barton
897,Miguel Hendricks
898,Derrick Wilson
899,Lisa Adams
900,Miss Ashley Turner
901,Alyssa Terrell
902,Daniel Hardy MD
903,Steven Roy
904,Marc Phillips
905,Brandi Williamson
906,Rebecca Sanchez
907,Sharon Baird
908,Sharon Jackson
909,Margaret Hamilton
910,Mr. Stephen Bond
911,Ashley Moore
912,Steven Sosa
913,Marcus Freeman
914,Barbara Padilla
915,Ann Espinoza
916,Krista Medina
917,Madison Valencia
918,Brian Zimmerman
919,Thomas Ali
920,Craig King
921,Stephen Jackson
922,Kelsey White
923,Spencer Perry
924,Ashley Gutierrez
925,Dana Miller
926,Sean Hampton
927,Rhonda Snyder
928,Patrick Alvarez
929,Leah Herman
930,Eric Ayala
931,Joshua Adams
932,Danielle Parker
933,Derrick Smith
934,Jeffrey Reed
935,Sara Mejia
936,Charles Owens
937,Albert Scott
938,Johnny Torres
939,Stephanie Blackwell
940,Candice Roberts
941,Jeffery Aguilar
942,Jennifer Allen
943,Tammy Miller
944,Jaclyn West
945,Kristin Russell
946,Jeffrey Anderson
947,Linda Koch
948,Ronald Taylor
949,Kathryn Steele
950,Anita Anderson
951,Robert Scott
952,Dr. Julie Bowers
953,Jennifer Silva
954,Randy Coleman
955,Mary Wu
956,Hannah Potter
957,Julie Morales
958,Richard Campbell
959,Jack Lee
960,Janet Cooper
961,Shelly Morgan
962,Timothy Jones
963,Samantha Sosa
964,Sara Snyder
965,Michael Garcia
966,Lauren Jones
967,Jacqueline Cannon
968,Sabrina Martinez
969,Jordan Jackson
970,David Garza
971,David Fitzpatrick
972,Kevin Garcia
973,Karen Moore
974,David Thompson
975,Justin White
976,Maureen Molina
977,Amy Page
978,Michael Austin
979,Heather Cook
980,Maria Blair
981,Dr. Miguel Levy PhD
982,Victoria Stafford
983,Cindy Duran
984,Roy Castro
985,Roy Velasquez
986,Brian Johnson
987,Brittany Lopez
988,Holly Diaz
989,Eric Jimenez
990,Lori Lowe
991,Mary Baird
992,Tyler Yates
993,Donna Hancock
994,Albert Reid
995,Amanda Spencer
996,Jennifer Cain MD
997,Karen Coleman
998,Michael Jordan
999,Lindsay Bishop
1000,Alexandria Jacobs
1001,Amanda Nguyen
1002,Tricia Leonard
1003,Maria Johnson
1004,Mary Lawrence
1005,Stephanie Mcguire
1006,Jason Hill
1007,Danielle Suarez
1008,Jo Jones
1009,Donna Wyatt
1010,David Parker
1011,Andrew Ramirez
1012,Craig Kirk
1013,Madison Woodward
1014,Rebecca Adams
1015,Sherry Harrison
1016,Matthew Schwartz
1017,Amber Larsen
1018,Angela Elliott
1019,Angela Ellis
1020,Sara Brooks DDS
1021,Amber Jones
1022,James Stone
1023,Sharon Pruitt
1024,Cristian Mccoy
1025,Danielle Kelly
1026,Kenneth Rodriguez
1027,Amanda Ramirez
1028,Justin Oliver
1029,Matthew Jordan
1030,Kristin Ramirez
1031,Amy Thompson
1032,Jacob Vega
1033,Kyle Wilson MD
1034,Brandon Porter
1035,Eric Cox
1036,Melissa Woods
1037,Rebecca Potts
1038,Justin Martinez
1039,Christina Snyder
1040,Lauren Thompson
1041,Larry Craig
1042,Katherine Norris
1043,Ashley Hall
1044,Miss Sherry Mitchell
1045,Wendy Morris
1046,Joy Taylor
1047,Whitney Stephens
1048,Justin Rivera
1049,Tiffany Dalton
1050,Charlene Ross
1051,Raymond Malone
1052,Norma Young
1053,Eddie Hall
1054,Antonio Lewis
1055,Sonya Walker
1056,Sharon Miller
1057,Kristin Smith
1058,Taylor Wong
1059,Corey Greene
1060,Rachel Williams
1061,Vicki Harris
1062,Kaitlyn Patterson
1063,Charles Martin
1064,Amy Morris
1065,Cheryl Cameron
1066,David Watson
1067,Andrew Page
1068,Joshua Romero
1069,Lauren Howard
1070,Jessica Chen
1071,Donald Herrera
1072,Edward Reeves
1073,Maurice Banks
1074,Tamara Stone
1075,Katherine Velazquez
1076,Michael Young
1077,Sara Rivera
1078,Peggy Franklin
1079,Bonnie Perez
1080,Daniel Knox
1081,Kyle Young
1082,Rose Osborne
1083,Nicholas Ramirez
1084,Claudia Benton
1085,Connor Fitzgerald
1086,Jeanne Lester
1087,Todd Mitchell
1088,Jennifer Ibarra
1089,Christina Maxwell
1090,Lisa Phillips
1091,Chad Valdez
1092,Joanna Richardson
1093,Karen Rodriguez
1094,Mr. Michael Johnson
1095,Kayla Mccormick
1096,Carolyn Wagner
1097,Michelle Moore
1098,Julie Harrison
1099,Vicki Moss
1100,Alicia Reeves
1101,Denise Ball
1102,Amber Chapman
1103,Jessica Alexander
1104,Andrew Stewart
1105,Nicole Roy
1106,Stacie Mcdonald
1107,John Adams
1108,Eddie Edwards
1109,Shelley Martinez
1110,Cynthia Gonzalez
1111,Melissa Roy DDS
1112,Eric Foster
1113,Brian Pace
1114,Keith Davis
1115,Mary Terrell
1116,Linda Medina
1117,Jeffrey Cain
1118,Tyler Alvarado
1119,Mrs. Janice Villanueva
1120,Melinda Pham
1121,Shane Mcfarland
1122,Robert Robinson
1123,David Roberts
1124,Brandy Pearson
1125,Ashley Chapman
1126,Ann Perkins
1127,Matthew Dominguez
1128,Connie Rogers
1129,Sandra Snyder
1130,Margaret Little
1131,Bianca Lucero
1132,William Torres
1133,Margaret Bryan
1134,Tiffany Lee
1135,Robert Flores
1136,Thomas Rivera
1137,Michael Knight
1138,Heather Galloway
1139,Mr. Patrick Bryan
1140,Adriana Young
1141,Charles Merritt
1142,Johnny Hudson
1143,Anthony Brown
1144,Tonya Watson
1145,Nicholas Green
1146,Rebecca Griffin
1147,Dawn Bailey
1148,Wyatt Simmons
1149,Robert Hill
1150,Alicia Kim MD
1151,Sarah Dudley
1152,Andrea Carter
1153,George Tran
1154,Debra Brown
1155,Andrea Rogers
1156,Donald Fisher
1157,Nathan Daniels
1158,Andrew Roach
1159,Rhonda Kirby
1160,Martha Dyer
1161,Debra Soto
1162,Clarence Graham
1163,Judith Francis
1164,Jon Cervantes
1165,Elizabeth Taylor
1166,Janet Lee
1167,Nicole White
1168,Cameron Olsen
1169,James Moran
1170,Rebecca Gregory
1171,Jacob Thomas
1172,Hannah Trujillo
1173,Hannah Martin
1174,Christopher Hawkins
1175,Sherry Huber
1176,David Peterson
1177,Tammy Gallagher
1178,Christopher Acosta
1179,Corey Green
1180,Elizabeth Ballard
1181,Chris Gonzales
1182,Jennifer Yu
1183,Jamie Andrews
1184,Daniel Salinas DDS
1185,Frank Carney
1186,Joyce Olsen
1187,Eric Aguirre
1188,William Macias
1189,Jessica Brown
1190,Christina Porter
1191,Madison Barnes
1192,Patricia Young
1193,Brian Fletcher
1194,Todd Davila
1195,Amy Pierce
1196,Anthony Ball
1197,Rebecca Morris
1198,Lynn Hansen
1199,Gregory Reyes
1200,David Baker
1201,Shelby Valdez
1202,Michelle Baldwin
1203,Barbara Mack
1204,Lisa Allen
1205,Martha Marshall
1206,Nicole Chavez
1207,Samuel Palmer
1208,Randall Stevens
1209,Todd Lopez
1210,Christina Moreno
1211,Alyssa Phillips
1212,Jennifer Thornton
1213,Natalie Nelson
1214,Alexander Campbell
1215,David Douglas
1216,Beth Roberts
1217,Jaclyn Roberts
1218,David Davis
1219,Melissa Hill
1220,Jose Rodriguez
1221,Sarah Fuentes
1222,Lauren Petersen
1223,Teresa Castillo MD
1224,Dakota Buckley
1225,John Armstrong
1226,Susan Morgan
1227,Bruce Morgan
1228,Jacob Taylor
1229,Edward Moore
1230,Justin Conner
1231,Carrie Flynn
1232,Heather Warren
1233,Julie Smith
1234,Amanda Todd
1235,William Murphy
1236,David Bennett
1237,Melissa Martinez
1238,Stephanie Fernandez
1239,Sheri Russell
1240,Michael Swanson
1241,Michael Coleman
1242,Willie Buck
1243,Sarah Flores
1244,Kathleen Daniel
1245,Edwin Meyer
1246,Kenneth Warren
1247,Gloria Brown
1248,Jennifer Cummings
1249,Kimberly Brown
1250,Angela Hart
1251,Colleen Morgan
1252,Erik Martin
1253,Brenda White
1254,Mark Curry
1255,Tiffany Hall
1256,Justin Jones
1257,Amanda Jackson
1258,Stacie Ramos
1259,Elizabeth Oneal
1260,Travis Thompson
1261,Raymond Mckee
1262,Mark Perez
1263,Scott Fowler
1264,Ann Roberson
1265,Katherine Fuentes
1266,Amy Williams DDS
1267,Ashley Chase
1268,Joshua Johnson
1269,Randy Rogers
1270,Dawn Vaughn
1271,Nicolas Roberts
1272,Cheryl Costa DVM
1273,Steven Brown
1274,Michael Romero
1275,Brianna Arias
1276,Lisa Adams
1277,Amanda Clark
1278,Michael Cole
1279,Bridget Miller
1280,Kathy Thompson
1281,Carol Price
1282,Alicia Green
1283,Jesse Haynes
1284,David Cross
1285,Amy Carpenter
1286,Ryan Cisneros
1287,Rachel Nguyen
1288,Margaret Perry
1289,Jamie Taylor
1290,Beverly Smith
1291,Angel Young
1292,Christine Taylor
1293,Nathaniel Harvey
1294,Bradley Chandler
1295,Tracy Nielsen
1296,Anita Lopez
1297,Michelle Ruiz
1298,Robin Ramirez
1299,Elizabeth Warren
1300,Nicholas Gray
1301,Michael Harrell
1302,Molly Schmidt
1303,Micheal Fletcher
1304,Amber Reid
1305,Cynthia Golden
1306,Timothy Parker
1307,Jordan Tucker
1308,Jorge Robinson
1309,Rachel Arellano
1310,Deborah Moran
1311,Robert Williamson Jr.
1312,Caroline Thompson
1313,Brenda Kelley
1314,James Levy
1315,Mary Andrews
1316,Nicole Walker
1317,Brian Young
1318,Laura Mahoney
1319,Douglas Choi
1320,Stacy Mccarthy
1321,Jessica Stewart
1322,Robert Hanson
1323,Tina Mooney
1324,Joseph Foster
1325,Mary Ortega
1326,James Jackson
1327,Scott Parker
1328,Kenneth Jacobson
1329,Barry Estrada
1330,Amanda King
1331,Julia Smith
1332,Whitney Thomas
1333,Megan Sanders
1334,Mariah Khan
1335,Joseph Walker
1336,Lori Travis
1337,Maureen Bell
1338,Margaret Marshall
1339,Ellen Smith
1340,Alexis Peterson
1341,Rachel Phillips
1342,Garrett Ochoa
1343,Linda Short
1344,Matthew Braun
1345,Catherine Arias
1346,Julie Sanders
1347,Justin Douglas
1348,Dawn Moore
1349,Emily Mahoney
1350,Louis Fletcher
1351,Brittany Gonzalez
1352,John Richmond
1353,Robert Cain
1354,Jeffrey Lucas
1355,Daniel Stewart
1356,Daniel Holmes
1357,Meredith Ross
1358,Nicholas Hunt
1359,Matthew Jones
1360,Denise Marshall
1361,Angela Lyons
1362,Jodi Burns
1363,Steven Gordon
1364,Rebekah Rangel
1365,Leslie Martinez
1366,Marcus Stark
1367,Matthew Hodges
1368,Becky Gross
1369,Derek Duke
1370,Kari Wiggins
1371,Brittany Tyler
1372,Amanda Jacobs
1373,Tiffany Mcmahon
1374,Patricia Walters
1375,Thomas Duffy
1376,Douglas Boone
1377,Daniel Hammond
1378,Bobby Sanford
1379,Sarah Wood
1380,Ashley Walters
1381,Stacy Wright
1382,Lauren Roberts
1383,David Sullivan
1384,Jessica Roberts
1385,Elizabeth Montgomery
1386,Jillian Carter
1387,Stephanie Lloyd
1388,William Martin
1389,Paula Haynes
1390,David Coleman
1391,Luke Wright
1392,Pamela Galvan
1393,Michael Fuller
1394,Anthony Murphy
1395,Rebecca Hammond DVM
1396,John Simmons
1397,Julie Quinn
1398,Chad Beard
1399,Brian Young
1400,Douglas Aguilar
1401,Lisa Allen
1402,Rebecca Brandt
1403,Gabriel Rocha
1404,Crystal James
1405,Rachel Evans
1406,Gregory Silva
1407,Mary Martin
1408,Jeffery Smith
1409,Carrie Bray DDS
1410,Jennifer Velez
1411,Brian Schmitt
1412,Jerry Wright
1413,Kaitlyn Wheeler PhD
1414,Kristen Bryant
1415,Richard Cantu
1416,Michael Lutz
1417,Lisa Terrell
1418,Tammy Hamilton
1419,Katie Wiley
1420,Jay Craig
1421,Ronald Cooper
1422,Brenda Moore
1423,Brenda Gonzales
1424,Annette Sanders
1425,David Yates
1426,Kelly Perez
1427,Kelly Anderson
1428,Angel Burch
1429,Andrea Hanson
1430,Michelle Gonzalez
1431,Jonathan Torres
1432,Amber Brennan
1433,Gabriel Duran
1434,Curtis Martinez
1435,James Chavez
1436,John Jefferson
1437,Timothy Lopez
1438,Jody Perry
1439,Chad Jones
1440,Robin Reyes
1441,Amber Anderson
1442,Brian Blevins
1443,Jennifer Blankenship
1444,Patricia Holden
1445,Becky Blackburn
1446,Jose White
1447,Michael Lynch
1448,Colton Mccarthy
1449,Robert Morris
1450,Juan Randolph
1451,Morgan Lee
1452,Teresa Byrd
1453,Derek Young
1454,Trevor Garza
1455,Lori Smith
1456,Grace Bell
1457,Michael May
1458,Randy Johns
1459,Mrs. Whitney Harrell
1460,Kathy Spears
1461,Alan Calderon
1462,Jon Rice
1463,Chad Logan
1464,John Owens
1465,Martin Lee
1466,Jennifer Harvey
1467,Richard Phillips
1468,Donna Rose
1469,James Barker
1470,Adrian Case
1471,Michael Wallace
1472,Matthew Bond
1473,Patricia Harris
1474,Sarah Riley
1475,Shelley Silva
1476,Donna Davis
1477,Lisa Lucero
1478,Ana Friedman
1479,Brendan Harrell
1480,James Taylor
1481,Daniel Clayton
1482,Lisa Macdonald
1483,Jeanne Weber
1484,Kathleen Davis DVM
1485,Kimberly Owens
1486,David Dodson
1487,Emily Smith
1488,Emily Stark
1489,Randall Baker
1490,Ashley Bryant
1491,Kelly Alexander
1492,Vincent Woods
1493,Christina Lee
1494,Melissa Perkins
1495,Christina Warner
1496,Sharon Lawson
1497,Dustin Lynn
1498,Allen Henry
1499,Daniel Potter
1500,David Harvey
1501,Briana Lowe
1502,Carlos Kramer
1503,Heather Donaldson
1504,Christine Crawford
1505,Janice Christian
1506,Maria Carter
1507,James Mayer
1508,Larry Daniel
1509,Denise Jones
1510,Dr. Kayla Lowe
1511,Nicole Castillo
1512,Jennifer Garcia
1513,April Lee
1514,Linda Johnson
1515,Kimberly Grant
1516,Joel Mclaughlin
1517,Thomas Weaver
1518,Stacey Washington
1519,Gail Mann
1520,Ricardo Hicks
1521,Michael Rodriguez
1522,Tiffany Gay
1523,Patricia Garrett
1524,Cody Bailey
1525,Brian Reeves
1526,Robert Mayer
1527,Brian Murphy
1528,Alan Martinez
1529,Nathan Perez
1530,Kenneth Baker
1531,Cody Mcneil
1532,Melanie Brooks MD
1533,Lisa Jones
1534,Renee Garner MD
1535,Mackenzie Tucker
1536,Alyssa Diaz
1537,Lisa Norris
1538,Stephen Lewis
1539,Robert Johnson
1540,Jennifer Smith
1541,Joseph Dixon
1542,Robert Ramsey
1543,Philip Johnson
1544,Cheryl Kelly
1545,Jennifer Davis
1546,Anthony Wallace
1547,Mark Gutierrez
1548,Brian Brady
1549,Carla Reyes
1550,Lisa Ramirez
1551,Tammy Watts
1552,Andrew Bell
1553,Eric Craig
1554,Justin Johnson
1555,Gregory Juarez
1556,Kelsey Rojas
1557,Jennifer Richards
1558,Brian Simpson
1559,David Wagner
1560,Susan Castro
1561,Peter Whitaker
1562,Philip Williams
1563,Tammy Mora
1564,Cody Johnson
1565,Darrell Cruz
1566,Thomas Foster
1567,Suzanne Butler
1568,Ricardo Robinson
1569,Joseph Parks
1570,Jake Hernandez
1571,Mary Taylor
1572,Julie White
1573,Ashley Mayo
1574,Alexander Beck
1575,Robert Hoffman
1576,Carla Henderson
1577,Bruce Adams
1578,Yvonne Miller
1579,Debbie Bryant
1580,Jennifer Tucker
1581,Margaret Booker
1582,Timothy Phelps
1583,Tiffany Vang
1584,Gina Stanley
1585,Luis Powell
1586,Sean Ellison
1587,Paul Perez
1588,Amy Wyatt
1589,Patrick Orozco
1590,Sarah Clark
1591,Diane Avila
1592,Heather Wilkins
1593,Ethan Adams
1594,Sabrina Lang
1595,Kristy Ali
1596,Mark Myers
1597,James Sims
1598,Tabitha Thomas DDS
1599,Stephanie Jones
1600,Michael Dickson
1601,Peter Lopez
1602,Nicholas Atkins
1603,Jasmine Williams
1604,Shelly Contreras
1605,Jimmy Horn
1606,David Walker
1607,Tiffany Campbell
1608,David Meyer
1609,Kurt Lucas
1610,Helen Romero
1611,John Roberts
1612,Kelli Ball
1613,Lisa Norton
1614,James West
1615,Ryan Kim
1616,Patricia Atkins
1617,Joseph Mccann
1618,Randall Lambert
1619,Brittany Patterson
1620,Ms. Jessica Clark
1621,Aaron Sanders
1622,Amber Garcia
1623,Jessica Foster
1624,Anthony Hernandez
1625,Joseph Jones
1626,Diana Kerr
1627,Justin Williams
1628,Matthew Dunn
1629,Juan Stewart
1630,Daniel Baker
1631,Sean Cooper
1632,Victor Bailey
1633,Nicole Huber
1634,Bradley Oneill
1635,Tina Martinez MD
1636,Eric Waller
1637,Robert Rios
1638,Catherine Smith
1639,Taylor Wilkins
1640,Eric Moyer
1641,Paula Vasquez
1642,Kelly Evans
1643,Victor Barron
1644,Courtney Jackson
1645,Tammy Combs
1646,Lisa Heath
1647,Jamie Henderson
1648,Madison Brewer
1649,Michael Simon
1650,John Robbins
1651,Anthony Dawson
1652,Suzanne Garcia
1653,Roger Torres
1654,Kathy Miller
1655,Katie Silva
1656,Olivia Duke
1657,Makayla Nash
1658,Amanda Sheppard
1659,Jamie Perry
1660,Richard Mckinney
1661,Rachel Hayden
1662,Nathan Green
1663,Kayla Turner
1664,Amy Reeves
1665,Monica Freeman
1666,Maria Davis
1667,Franklin Bailey
1668,Tanya Thompson
1669,Jonathon Todd
1670,Dale White
1671,David Hernandez
1672,Crystal Suarez
1673,Heather Taylor
1674,Cynthia Skinner
1675,Mark Smith
1676,Christopher Parks
1677,Aaron Norman
1678,Charles Simmons
1679,Erica Houston
1680,Diane Lyons
1681,Michael Lopez
1682,Amanda Goodman
1683,Cathy Williamson
1684,Robin Smith
1685,Brooke Hall
1686,Tara Lucas
1687,Susan Morgan
1688,Susan Rodriguez
1689,Kenneth Torres
1690,Sherri Hart
1691,Jimmy Wright
1692,Jeffrey Salazar
1693,Cassandra Taylor
1694,Jasmine Evans
1695,Vickie Adams
1696,Joel Snyder
1697,Charles Garcia
1698,April Wright
1699,Joshua Peterson
1700,Charles Martin
1701,Allison Romero
1702,Anthony Valencia
1703,Miranda White
1704,Richard Roberts
1705,Mr. Joel Campos
1706,Brendan Benton
1707,Christopher Wright
1708,Brian Lee
1709,April Garcia
1710,Gary Beck
1711,Laura Dominguez
1712,Tony Alexander
1713,Matthew Scott
1714,Melissa Lee
1715,Maria Turner
1716,Michelle Brooks
1717,April Montgomery
1718,Jordan Kline
1719,Cesar Moore
1720,Jonathan Huber
1721,Steven Pacheco
1722,Benjamin Chen
1723,John Klein
1724,Brooke Miller
1725,Thomas Baird
1726,Wendy Manning
1727,Craig Melton
1728,Monique Lane
1729,Maureen Lynch
1730,Neil Jefferson
1731,William Wood
1732,Barbara Ray
1733,Nancy Nelson
1734,Tyrone Gonzales
1735,Jennifer Mendez
1736,Mary Floyd
1737,Angelica Lucas
1738,Veronica Smith
1739,Matthew Baker
1740,Sean Wilson
1741,Daniel Morris
1742,Brendan Lee
1743,Desiree Oconnor
1744,Christopher Thomas
1745,Casey Cortez
1746,Derek Johnson
1747,Matthew Fisher
1748,Noah Munoz
1749,Scott Small
1750,Heather Mendez
1751,Benjamin Gibson
1752,Alexa Sanders
1753,Leonard Patel
1754,Casey Hurst
1755,Craig King
1756,Natasha Spencer
1757,James Anderson
1758,Nancy Wood
1759,Mark Ross
1760,John Bradford
1761,Joseph Parker
1762,Rhonda Andrews
1763,Ronald Lewis
1764,Timothy Pittman
1765,Sarah Garrett
1766,Beth Ellis
1767,Taylor Lynch
1768,Jessica Campbell
1769,Mary Gibson
1770,Daniel Douglas
1771,Tiffany Phillips
1772,Amanda Guzman
1773,Lynn Chavez
1774,Diamond Rodriguez
1775,Jacob Arnold
1776,Xavier Flores
1777,John Sullivan
1778,Miss Kelly Caldwell
1779,Anthony Rivera
1780,Darrell Gonzales
1781,Cheryl Freeman
1782,Larry Burns
1783,Haley Perry
1784,Daniel Curry
1785,Melissa Robinson
1786,Amanda Marsh
1787,Linda Wood
1788,Mark Lyons
1789,Jessica Burgess
1790,Kelly Tapia
1791,Carla Gutierrez
1792,Theresa Hampton
1793,Christine Cortez
1794,Dale Francis
1795,Matthew Martin
1796,Victoria Hudson
1797,Lori Sanchez
1798,John Stevens
1799,Brian Clark
1800,Eugene Lewis
1801,Jennifer Torres
1802,Aaron Lambert
1803,Carol White
1804,Gail Ward
1805,Kaylee Johnson
1806,Holly Gutierrez
1807,Zachary Adams
1808,Angela Ferguson
1809,Olivia Flowers
1810,Amber Cooke
1811,Rebecca King
1812,Mr. Nathan Hays
1813,Kathleen Armstrong
1814,Allen Dillon
1815,Tracey Mata
1816,Kevin Boyle
1817,Glenn Harris
1818,Mary Potter
1819,Beth Mckinney
1820,Jessica Romero
1821,Todd Mejia
1822,Donna Miller
1823,Michele Poole
1824,Martin Zavala
1825,Justin Jefferson
1826,Seth Reynolds
1827,Monica Butler
1828,Russell Khan
1829,Deborah Duncan
1830,Michelle Allen DVM
1831,David Pitts
1832,Kelly Lawson
1833,Katie Gibson
1834,Kevin Hamilton
1835,Kyle Perez
1836,Amanda Farmer
1837,Linda Kennedy
1838,Daniel Huang
1839,Samuel Schmitt
1840,Miguel Bruce
1841,Kevin Terrell
1842,Travis Evans
1843,Shawn Valencia
1844,Mary Crosby
1845,Taylor Brown
1846,Walter Thompson
1847,Jenna Roth
1848,Samantha Ortiz
1849,Jennifer Escobar
1850,Thomas Williams
1851,Thomas Jimenez
1852,Micheal Jacobson
1853,Shane Trujillo
1854,Joseph Villa
1855,Amanda Aguirre
1856,Michael Mclean
1857,Kevin Scott
1858,Kevin Alexander
1859,Brittany Phelps
1860,Kristin Dixon
1861,Sara Cardenas
1862,Kerry Neal
1863,Teresa Lee MD
1864,Gina Stevens PhD
1865,Debbie Figueroa
1866,Jillian Frost
1867,Tonya Cervantes
1868,Heather Bright
1869,Tracy Ramirez
1870,Rachel Rogers
1871,Austin Obrien
1872,Mark Patel
1873,Dr. Leonard Manning
1874,Jane Powell
1875,Adrian Thomas
1876,Joseph Monroe
1877,Brandi Brown MD
1878,Nicholas Mccoy
1879,Kevin Moran
1880,Crystal Drake
1881,Manuel Ford
1882,Crystal Mathews
1883,Donna Thompson
1884,Martin Lewis
1885,Stephanie Little
1886,Jack Whitaker
1887,Justin Hammond
1888,Jesse Marshall
1889,Katie Jacobs
1890,Yolanda Thomas
1891,Terry King
1892,Richard Arias
1893,Amanda Berger
1894,Michael Lamb
1895,Ryan Riley
1896,Carla Woods
1897,Joshua Ross
1898,Nancy Conrad
1899,Alex King
1900,Jonathan Schaefer
1901,Michael Small
1902,James Smith
1903,Robert Fitzgerald
1904,Alyssa Galvan
1905,Philip Horn
1906,Michael Mccall
1907,Dawn Howell
1908,Joel Mora
1909,Maria Smith
1910,Jo Jones
1911,John King
1912,David Jordan
1913,Christopher Montgomery
1914,Tamara Hogan
1915,Sheila Branch
1916,Jeremy Clark
1917,Ryan Villa
1918,Duane Williams
1919,Kendra Morgan
1920,Clayton Shaw
1921,Karen King
1922,Brandy Phelps
1923,Matthew Coleman
1924,Hector Choi PhD
1925,Chelsea Trujillo
1926,Bobby Greene
1927,April Clark
1928,Jackie Silva
1929,Matthew Jackson
1930,Christina Brown
1931,Jacob Deleon
1932,Kevin Mosley
1933,Ralph Choi
1934,Suzanne Fowler
1935,Crystal Powell
1936,Zachary Jenkins
1937,Steve Jackson
1938,Danielle Hamilton
1939,Kimberly Williams
1940,Carrie Garcia
1941,Melissa Gillespie
1942,Hayden Tucker
1943,Ann Pitts
1944,Amy Ward
1945,Aaron Wood
1946,Donna Compton
1947,Brian Richard
1948,Kayla Ramos
1949,Keith Townsend
1950,Andrea Carlson
1951,Tracy Dominguez
1952,Timothy Hernandez
1953,Veronica Hill
1954,Douglas Taylor
1955,Teresa Jones
1956,Cynthia Vega
1957,Matthew Burton
1958,Laura Gomez
1959,Michelle Floyd
1960,Frances Bowen
1961,Heather Wolfe
1962,Aaron Garcia
1963,Dr. Lynn Terry
1964,Michelle Solomon
1965,Richard Lopez
1966,Daniel Nelson
1967,Carolyn Russell
1968,Carl Myers
1969,Dr. Dawn Taylor
1970,Michael Ellis
1971,Brianna Simpson
1972,Shannon Johnston
1973,Andrew Perry
1974,Matthew Williams
1975,Tyler Carroll
1976,Mrs. Whitney Reynolds DDS
1977,Vanessa Johnson
1978,Taylor Underwood
1979,Shannon Gomez
1980,Michelle Rhodes
1981,Kelly Burton
1982,Heather Simon
1983,Dana Hansen
1984,Megan Tran
1985,Jennifer Garcia
1986,Caroline Cortez
1987,Jason Jordan
1988,Bob West
1989,Catherine Martinez
1990,Steven Alvarez
1991,Kristen Meadows
1992,Michele Brown
1993,Jennifer Rodriguez
1994,Sharon Mcknight
1995,Todd Copeland
1996,Katrina Bates
1997,Kristy Ortega
1998,Douglas Jones
1999,Brent Baker
2000,Susan Fuller
2001,James Mcdonald
2002,Eric Olson
2003,Aaron Gonzalez
2004,Jacob Cardenas
2005,Thomas Hernandez
2006,Jonathan Williams
2007,Aaron Kim
2008,Taylor Holmes
2009,Francisco Hughes
2010,Katherine Hayes
2011,Cory Roberson
2012,Wendy Reyes
2013,John Vasquez
2014,Peter Evans
2015,Joseph Smith
2016,Lisa Hartman
2017,Alexis Beard
2018,John Hart
2019,Gary Kline
2020,Kelly Allen
2021,Steven Wiley
2022,Ms. Valerie Short
2023,Chelsea Edwards
2024,Billy Johnson
2025,Amanda White
2026,Diana Garcia
2027,Christina Hayes
2028,Jeremy Medina
2029,Lindsey Diaz
2030,Denise Evans
2031,Scott Hernandez
2032,Samantha Kirk
2033,Joanne Bradley
2034,Daniel Stone
2035,Brian Thomas
2036,Jason Russell
2037,Lori Chandler
2038,Joshua Moses
2039,Courtney Jones
2040,Andre Sharp
2041,Kristen Ferguson
2042,Christine Blankenship
2043,Rebecca Howard
2044,Joshua Carter
2045,Amy Leonard
2046,Kelly Duarte
2047,Sarah Wright
2048,Tyrone Juarez
2049,Nicholas Schwartz
2050,Paige Green
2051,Alexander Richardson
2052,Anthony Daniel
2053,Lisa Lopez
2054,Brenda Thomas
2055,Katherine Rubio
2056,Christopher Johnson
2057,Jennifer Sparks
2058,Alicia Cole
2059,Margaret Sawyer
2060,Jennifer Smith
2061,Jason Vasquez
2062,Zachary Sutton
2063,Tyler Richardson
2064,Daniel Andrade
2065,Anthony Nguyen
2066,Travis Larsen
2067,Robert Ortiz
2068,Shannon Gallegos
2069,Brandon Clark
2070,Anthony Anderson
2071,Tony Spears
2072,Ruben Wolf
2073,Trevor Miller
2074,Amy Perez
2075,Sheila Cain
2076,Mark Sparks
2077,Brittany Chen
2078,Robert Lee
2079,Mathew Odom
2080,Steven Rodriguez
2081,Carol Obrien
2082,David Townsend
2083,Kenneth Sanchez
2084,Lindsey Gallegos
2085,Maria Fernandez
2086,Mark Davis
2087,Kerry Poole
2088,Sherri Bryant
2089,Stephen King
2090,Stephanie Blair
2091,Mr. William Underwood
2092,Michelle Brown
2093,Charles Burns
2094,Shaun Jackson
2095,Sandra Harris
2096,Jason Barnett
2097,Shelly Leach
2098,Megan Richardson
2099,Abigail Baird
2100,Kathryn Reed
2101,Joseph Parker
2102,Katherine Hudson
2103,Teresa Warren
2104,Jennifer Zimmerman
2105,Valerie Jackson
2106,Mr. Victor Lee MD
2107,Megan Callahan
2108,Ashley Torres
2109,Timothy Alexander
2110,Victoria Terrell
2111,Dwayne Warren
2112,Julia Bowman
2113,Joseph Tucker
2114,Charles Rice
2115,Ivan Watson
2116,Stephen Roberts
2117,Cynthia Hull
2118,Susan George
2119,Sandra Waller
2120,Bobby White
2121,Alejandra White
2122,Erica Villanueva
2123,Joseph Baxter
2124,Michael Daniel
2125,Jacob Ramirez
2126,Chelsea Olson
2127,Lori Miller
2128,Angela Barron
2129,Candice Mayer
2130,Clarence Powers
2131,Micheal Hunter
2132,Vicki Powell
2133,David Mcclure
2134,Sydney Gomez
2135,Cynthia Gregory
2136,Brian Ryan
2137,Jeanne Kramer
2138,Nicholas Thomas
2139,Olivia Patterson
2140,Robin Mendoza
2141,Jonathan Lowe
2142,Kathy Thomas
2143,Jacob Gonzalez
2144,Lauren Miller
2145,Mark Henderson
2146,Christina Ramirez
2147,Margaret Herring
2148,Christopher Meyer
2149,Pamela Blankenship
2150,Randall Boyle
2151,Alicia Doyle
2152,Elizabeth Hughes
2153,Kelly Sheppard
2154,Cassandra Wagner
2155,Douglas Flores
2156,Caitlin Levy
2157,Donald Smith
2158,Mr. Michael Rodriguez
2159,Erica Roberts
2160,Laura Johnson
2161,Kelly Dyer
2162,Laurie Kelley
2163,Roy Kemp
2164,Joseph Mann
2165,Mary Clements
2166,Stacy Sherman
2167,Kelly Miller
2168,Leslie Miller
2169,Brianna Smith
2170,Nancy Reid
2171,Joel Castillo
2172,Nancy Herring
2173,Julie Johnson
2174,Michael Rodriguez
2175,Melvin Scott
2176,Anthony Boyd
2177,Matthew Marshall
2178,John Williamson
2179,Catherine Evans
2180,Jessica Gonzalez
2181,Madison Young
2182,Emily Green
2183,Julie Murray
2184,Greg Thornton
2185,Amy Scott
2186,Joan Rodriguez
2187,Eric Vang
2188,Bradley Andrews
2189,Anthony Porter
2190,Crystal Torres
2191,Denise Klein
2192,Dr. David Benton
2193,April Lynch
2194,Joshua Matthews
2195,Thomas Bradley
2196,Matthew Hudson
2197,Theresa Lewis
2198,Paul Pham
2199,Kenneth Zimmerman
2200,Jonathan Kennedy
2201,Christopher Howell
2202,Kimberly Smith
2203,Benjamin Shaffer
2204,Tony Mckinney
2205,Courtney Garza
2206,Roger Green
2207,Timothy Rodriguez
2208,Anna Robinson
2209,Phyllis Mccall
2210,Wendy Swanson
2211,Alexis Murphy
2212,Amy Baker
2213,Brandon Rangel
2214,Rachel Chandler
2215,Tara Hess
2216,Jesse Mcintyre
2217,Molly Johnson
2218,Robert Wells
2219,Angela Solis
2220,Amber Fowler
2221,Allison Riggs
2222,Richard Henderson
2223,Kimberly Collins
2224,Karen Park
2225,Angela Wood
2226,Matthew Stanton
2227,Jamie Beck
2228,Justin Green
2229,Gregory Mcguire
2230,Jim Hernandez
2231,David Smith
2232,Christine James
2233,Rodney Oneal
2234,Dominique Hill
2235,Dylan Snyder
2236,Lisa Jones
2237,Kelly Lutz
2238,Miranda Jimenez
2239,Jennifer Brewer DVM
2240,Raymond Huerta
2241,Austin George
2242,Gary Williams
2243,Tommy Clark
2244,Ryan Owen
2245,Melissa Jones
2246,Daniel Bird
2247,Sheri Kent
2248,Brandon Harris
2249,Karen Shepherd
2250,Jennifer Knight
2251,Laurie Lucero
2252,Ann Webb
2253,Ryan Williams
2254,Steven Hill
2255,Derrick Klein
2256,Darren Phillips
2257,Amy Reed
2258,Alexis Ballard
2259,Diane Valentine
2260,Taylor Young
2261,Andrew Randall
2262,Timothy Shaffer
2263,John Hernandez
2264,Richard Reeves
2265,Sarah Good
2266,Derrick Foster
2267,Rhonda Price
2268,Gerald Jackson
2269,Timothy Hogan
2270,Andrew Crane
2271,Amanda Hartman
2272,Angela Vasquez
2273,Leah Smith
2274,Sophia Hall
2275,Joseph Smith
2276,Emily Lopez
2277,Samuel Higgins
2278,Jack Blanchard
2279,Carl Barnett
2280,Debra Russell
2281,Joe Johnson
2282,Kurt Richard
2283,Jason Harding
2284,Janice Perez
2285,Kevin Charles
2286,Adrienne Park
2287,Brian Floyd
2288,Ebony Saunders
2289,Stephanie Jones
2290,Peter Yang
2291,Shirley Johnson
2292,Edward Smith
2293,Matthew Young
2294,Cynthia Robertson
2295,Barbara Smith
2296,James Mckinney
2297,Billy Buck
2298,Amy Benitez
2299,Matthew Morgan
2300,Meredith Wu
2301,John Cooper
2302,Michelle Cervantes
2303,Robert Rivera
2304,Stacy Rodriguez
2305,Eileen Hickman
2306,Elizabeth Burns
2307,Jennifer Taylor
2308,Linda Johnston DVM
2309,Austin Stokes
2310,Jacqueline Mcknight
2311,Diana Jordan
2312,Desiree Sanchez
2313,Timothy Thompson
2314,Jennifer Donovan
2315,Jason Moore
2316,Kaitlyn Perez
2317,Sarah Bell
2318,Carl Wilson
2319,Claudia Hutchinson
2320,Desiree Collins
2321,David Anderson
2322,Tracy Oneal
2323,Evan Norris
2324,Jeffery Davis
2325,Jordan Kaufman
2326,Maria Hawkins
2327,Patrick Campbell
2328,Ashley Robinson
2329,Dylan Vargas
2330,Maria White
2331,Keith Kim
2332,Joel Mitchell
2333,Kathryn Fischer
2334,Samantha Oconnor
2335,Erica Cain
2336,Jordan Bauer
2337,Melissa Guzman
2338,Ralph Cook
2339,Denise Edwards
2340,Holly Smith
2341,Brandon Marshall
2342,Michael Vazquez
2343,Mr. Darren Sullivan DVM
2344,Rebecca Smith
2345,Jerry Brady
2346,Walter Hawkins
2347,Jay Sosa
2348,Don Kline
2349,Gregory Rogers
2350,Monica Cooper
2351,Cynthia Lewis
2352,James Nichols
2353,Karen May
2354,Mr. Charles Bates
2355,Joseph Lewis
2356,Angel Hamilton
2357,Donna Daniel
2358,Ashley Bautista
2359,Haley Lee
2360,Douglas Gray
2361,Rhonda Conley
2362,Jennifer Rodriguez
2363,Mark Wall
2364,Kristin Arnold
2365,Kenneth Lee
2366,Jordan Curry
2367,Richard Pierce
2368,Daniel Acevedo
2369,Becky Little
2370,Angela Johnson
2371,Kimberly Anderson
2372,Kevin Yoder
2373,Alyssa Harris
2374,Mary Garrett
2375,Andrew Thomas
2376,Brenda Brewer
2377,Heather Mercado
2378,Xavier Thomas
2379,Todd Bell
2380,Juan Miller
2381,Jamie Hernandez
2382,Sharon Henderson
2383,Robert Hunt
2384,Madison Smith
2385,David Branch
2386,Danielle Hernandez
2387,Mary Good
2388,Denise Warner
2389,Karen Conley
2390,Jennifer Washington
2391,George Byrd
2392,Daniel Harrington
2393,Veronica Gonzales
2394,Philip Sanford
2395,Jennifer Morrow
2396,Joseph Franco
2397,Gary Armstrong
2398,Marie Castaneda
2399,Stuart Sweeney
2400,Diane Davis
2401,Robert Smith
2402,Brian Lee
2403,Melanie Miller
2404,Robert Wright
2405,Robert Scott
2406,Victoria Ward
2407,Andrea Pratt
2408,Isaac Terrell
2409,Andrew Cherry
2410,Jason Parsons
2411,Lisa Barnes
2412,Zoe Ramirez
2413,Melissa Dougherty
2414,Alejandra Morgan
2415,Rhonda Glenn
2416,Jeanne Taylor
2417,Mary Mata
2418,Virginia Smith
2419,Jane Johnson
2420,Brian Stewart
2421,Mrs. Sara Wilson MD
2422,Chad Griffin Jr.
2423,Nicole Brown
2424,Christopher Alvarez
2425,Kaitlyn Tapia
2426,Lisa Jenkins
2427,Jennifer Robertson
2428,Karen Reyes
2429,Tara Clark
2430,Sheri Robertson
2431,Michelle Shea
2432,Mark Garcia
2433,Johnathan Lozano
2434,Rebecca Ryan
2435,Sandra Ramos
2436,Sarah Smith
2437,Robert Burton
2438,Nicole Villa
2439,Michael Armstrong
2440,Ralph Miller
2441,Cynthia Hendrix
2442,Brooke Paul
2443,Maria Garcia
2444,Robert Jenkins
2445,Anthony Pierce
2446,Jessica Fuller
2447,Austin Bird
2448,Kathryn Farrell
2449,Mary Ramirez
2450,Angela Ramirez
2451,Danny Green
2452,Timothy Bennett
2453,Paul Haney
2454,Charles Mcdonald
2455,Melissa Kirby
2456,Melissa Phillips
2457,Michele Harris
2458,Alisha Watson
2459,Jade Smith
2460,Lindsey Taylor
2461,Thomas Brown
2462,Julie Brown
2463,Stephanie Coleman
2464,Alex Peters
2465,Leonard Phillips
2466,Michelle Cole
2467,Andrew Little
2468,Danielle Cox
2469,April Simpson
2470,Matthew Fisher
2471,Rachel Patel
2472,Sarah Chan
2473,Sherry Brown
2474,Benjamin Taylor
2475,Jennifer Bernard
2476,Monica Bryant
2477,Bobby Collins
2478,Shawna Dixon
2479,Jared Smith
2480,Laura Peters
2481,April Smith
2482,Melanie Smith
2483,Angel Sherman
2484,Chase Smith
2485,David Molina
2486,Kayla Chapman
2487,Robert Kim
2488,Sandra Reilly
2489,Gabriel Moore
2490,Dennis Smith MD
2491,William Oliver
2492,Michael Salinas
2493,Juan Sandoval
2494,Ethan Davis
2495,Michelle Hayden
2496,Stacy Charles
2497,Cody Thompson
2498,Taylor Simmons
2499,Charles Ortega
2500,Sharon Jones
2501,Janice Johnson
2502,David Bell
2503,Jimmy Lewis Jr.
2504,Jason Hart
2505,Herbert Becker
2506,Michael Davis
2507,Pamela Gonzales
2508,Heather Gordon
2509,Sabrina Brown
2510,Brenda Watkins
2511,Angel Greene
2512,Rachel Jackson
2513,David Hubbard
2514,William Walker
2515,John Potter
2516,Ryan Miller
2517,Andrew Hamilton
2518,Michael Miller
2519,Rebecca Wilson
2520,Joseph Davis
2521,Adam Fowler
2522,Matthew Nelson
2523,Tiffany Hernandez
2524,Alicia Casey
2525,Jenny Turner
2526,Ronald Coffey
2527,Tracy Hawkins
2528,Terry Soto
2529,Brittany Cobb
2530,Brianna Bullock
2531,Miguel Goodwin
2532,Kyle Herrera
2533,Jenna Anderson
2534,Kim Mcdonald
2535,Nancy Frank
2536,Carmen Miller
2537,Joseph Edwards
2538,Don Roberts
2539,Nicholas Moss
2540,Ryan Davis
2541,Summer Pearson
2542,Rebecca Villarreal
2543,Alexander Murray
2544,Lisa Sweeney
2545,Javier Leonard
2546,Debra Leonard
2547,Chad Palmer
2548,Shawn Smith
2549,Kiara Aguirre
2550,Mary Bates
2551,William Wolf
2552,Edward Nichols
2553,Kevin Bryant
2554,Jessica Sloan MD
2555,Natasha Hernandez
2556,Kyle White
2557,Douglas Greer
2558,Bobby Hill
2559,Jose West
2560,Amanda Wise
2561,Andrew Johnson
2562,Debbie Jones
2563,Mary Joseph
2564,Michelle Miller
2565,Jessica Edwards
2566,Nancy Aguilar
2567,Lori Payne
2568,Mindy Kim
2569,Julie Coffey
2570,Randall Whitaker
2571,Alexandra Davis
2572,Jennifer Braun
2573,Shelly Bender DDS
2574,Barbara White
2575,Chad Boone
2576,Evan Collier
2577,Victoria Ryan
2578,Lisa Dunn
2579,Michelle Cox
2580,Joseph Jones MD
2581,Kimberly Dillon
2582,Martin Jones
2583,Kathryn Cooke
2584,Mark Fox
2585,Douglas Bright
2586,Michael Glover
2587,Margaret Scott
2588,Hunter Stout
2589,Chris Reynolds
2590,Christopher Lee
2591,Paula Arnold
2592,Amanda Hicks
2593,Michelle Hall
2594,John Fox
2595,Jim Higgins
2596,Anthony Johnson
2597,Michael Vincent
2598,Todd Peterson
2599,Maria Woodard
2600,Yvette Beck
2601,Laura Perez
2602,Jessica Barnes
2603,Katie Leach
2604,Steven Dean
2605,Cristian Robinson
2606,Christopher Martinez
2607,Jimmy Craig
2608,Richard Cook
2609,Tamara Taylor
2610,Crystal Galloway
2611,Steven Greene
2612,Mr. Keith Williams
2613,Robert Terry
2614,Diane Newman
2615,Ronnie Walters
2616,Vanessa Graham
2617,Diane Dunn
2618,Nathan Morales
2619,Melissa Gibson
2620,Sarah Gonzalez
2621,Destiny Fisher
2622,Olivia Evans
2623,Kelly Mckenzie
2624,Lindsey Gomez
2625,Melissa Mcgrath
2626,Michael Davis
2627,Reginald Carter
2628,Jordan Leach
2629,Angela Clay
2630,Alexis Levy
2631,Anthony Gutierrez
2632,Laura Carpenter
2633,Catherine Juarez
2634,William Thompson
2635,Scott Ortiz
2636,Aaron Nelson
2637,Edward Davis
2638,Jenna Anderson
2639,Julie Short
2640,Angela Castro
2641,Albert Sanchez
2642,Craig Weaver
2643,Sarah Johnson
2644,Tammy Bryant
2645,Robert Armstrong
2646,Nicole Hamilton
2647,Angela Cole
2648,Dustin Holmes
2649,Kevin Thompson
2650,Joshua Rowe
2651,Maria Brooks
2652,David Thompson
2653,Mr. Daniel Warner
2654,Devin Acevedo
2655,Aaron Johns
2656,Rebecca Barton
2657,John Moore
2658,Jodi Smith
2659,John Lucas
2660,Shane Thomas
2661,Amy Fitzgerald
2662,Gloria Hamilton
2663,Max Frank
2664,Mikayla Calderon
2665,Spencer Brown
2666,Gloria Owens
2667,Tracy Austin
2668,Megan King
2669,Justin Williams
2670,Eric Beard
2671,Mark Todd PhD
2672,Shannon Lutz
2673,Rhonda Pierce
2674,David Mcdonald
2675,Cassandra White
2676,Eric Smith
2677,Megan Mendoza
2678,Kathryn Reed
2679,Cheryl Murphy MD
2680,Robert Fuller
2681,Isaac Strong
2682,Lisa Shaw
2683,Paul Ruiz
2684,Richard Hernandez
2685,David Myers
2686,Mindy Lopez
2687,Kenneth Mckinney
2688,Jacqueline Cherry
2689,Michele Murphy
2690,Adam Sanchez
2691,Stephanie Howell
2692,Timothy Coleman
2693,Jacob Luna
2694,Amber Martinez
2695,Brian Glover
2696,Danielle Carter
2697,Jose Morgan
2698,Lisa Miller
2699,Jordan Guerrero
2700,Andrew Williams
2701,William Love
2702,Heather Anderson
2703,Alice Duran
2704,Christopher Howell
2705,Jeffrey Schultz DVM
2706,Megan Perry
2707,Christopher Nguyen
2708,Tonya Martinez
2709,Cindy Brown
2710,Danielle Rangel
2711,Patricia Espinoza
2712,Ronald Davenport
2713,Becky Morris
2714,Melanie Espinoza
2715,Zachary Wagner II
2716,Jason Robinson
2717,Deborah Armstrong
2718,Teresa Wells
2719,Amy Braun
2720,Katherine Cohen
2721,Randy Miller
2722,Kimberly Thomas
2723,Jimmy Boyd
2724,Lauren Doyle
2725,Francisco Hughes
2726,Diana Williams
2727,Ryan Smith
2728,David Dunn
2729,Joshua Sanchez
2730,Terry Ellison
2731,James Reed MD
2732,Joseph Gonzalez
2733,Danielle Henson
2734,Gabriel Hammond
2735,April Spencer
2736,Timothy Gray
2737,Mark Torres
2738,Jeremy Hale
2739,Cheryl Aguilar
2740,Penny Taylor
2741,Kristie Bailey
2742,Sophia Baker
2743,Whitney Castro
2744,Joseph Cuevas
2745,Bryan Willis
2746,Alan Lee
2747,Catherine Coleman
2748,Savannah Perez
2749,Brenda Harris
2750,Tiffany Grant
2751,Claire Holland
2752,Brooke Everett
2753,Robert Mercer
2754,Katherine Coleman
2755,Frederick Brown
2756,Gabriela Marsh
2757,Steven Baker
2758,Wesley Thompson
2759,Lisa Ross
2760,Heidi Parks
2761,Sandra Tate
2762,Jim Smith
2763,James Jordan
2764,Jeanne Williams
2765,Sarah Garcia DDS
2766,Samuel Mann
2767,Mary Fox
2768,Edward Murray
2769,Andrea Miller
2770,Melissa Compton
2771,Shannon Green
2772,Jeffrey Scott
2773,Sarah Cobb
2774,Heather Howard
2775,Michael Schwartz
2776,Ian Stewart
2777,Sergio Morse
2778,Melinda Austin
2779,Taylor Hatfield
2780,Mary West
2781,Jennifer Clark
2782,Karen Franklin
2783,Brett Bradford
2784,Catherine Graves
2785,David Olson
2786,David Vega
2787,Kevin Kim
2788,Mr. Jeffrey Whitehead
2789,Grant Murray
2790,Julie Kelley
2791,William Neal
2792,Jordan Baker
2793,Rachel Lane
2794,Jenna Smith
2795,Kyle Ortiz
2796,John Diaz
2797,Mr. Brian Becker
2798,Christine Oconnor
2799,Robert Hammond
2800,Janet Hartman
2801,Dr. Paula Kelly
2802,Monica Wallace
2803,Christopher Ryan
2804,Walter Smith
2805,John Robertson
2806,Randy Tran
2807,Tyler Lewis
2808,Jessica Rose
2809,Devin Vaughan
2810,John Wells
2811,Jessica White
2812,John Hood
2813,Todd Burns
2814,Daniel Suarez
2815,Thomas Lynch
2816,Carol Turner
2817,Cody Black
2818,Andrea Hernandez
2819,Jamie Hall
2820,Joseph Woods
2821,Brian Hudson
2822,Ashley Weeks
2823,Steven Simpson
2824,Bryan Macias
2825,Brandy Walsh
2826,Clifford Herrera
2827,Charles Green
2828,Thomas Christian
2829,Christopher Wilson
2830,Kelsey Macdonald
2831,Mr. Christopher Wilson
2832,Michael Mack
2833,Maria Kennedy
2834,Allison Reese
2835,Christopher Marshall
2836,Suzanne Donaldson
2837,Sarah Guzman
2838,Connie Gutierrez
2839,Taylor Ferguson
2840,David Fox
2841,Miss Elizabeth Young
2842,William Garcia
2843,Catherine Murphy
2844,Charles Brown
2845,Stephanie Page
2846,Patrick Mullins
2847,Jesse Torres
2848,Susan Fitzgerald
2849,Jason Harrison
2850,David Walker
2851,Amber Simon
2852,Michele Turner
2853,Kristine Garcia
2854,Justin Gibson
2855,Ethan White
2856,Lacey Harrison
2857,Stephanie Moore MD
2858,John Baker
2859,Jennifer Richard
2860,Matthew Gordon
2861,Mrs. Terri Hill
2862,Renee Owens
2863,Jennifer Martinez
2864,Jessica Weaver
2865,Joshua Gilbert
2866,Bruce Meyer
2867,Lisa Andrews
2868,Michelle Smith
2869,Donna Parker
2870,Michael Sellers
2871,Kaitlin Clark
2872,Cody Hart
2873,Justin Smith
2874,Nancy Newman
2875,Brianna Hicks
2876,Michael Heath
2877,Jerry Young
2878,Juan Mclaughlin
2879,Mr. Michael Cummings MD
2880,Miguel Mercado
2881,Gina Evans
2882,Lisa Mckinney
2883,Austin Fields
2884,Tami Reed
2885,Ian Morrison
2886,Hunter Cox
2887,Steven Davis
2888,Zachary Dodson
2889,Miranda Turner
2890,Dennis Horton
2891,Connor Nelson
2892,Joel Delgado
2893,Marie Kim
2894,Timothy Kline
2895,Zachary Palmer
2896,Joseph Salazar
2897,Dylan Williams
2898,Michele Nguyen
2899,Jonathan Keith
2900,Stephanie Clark
2901,Dominique Ramirez
2902,Raymond Mcbride
2903,Justin Jackson
2904,Gary Yoder
2905,Alexandria Moore
2906,John Williams
2907,Kari Bird
2908,Logan Rios
2909,Jeffrey Roy
2910,Tina White
2911,Peter Gaines
2912,Brian Jones
2913,Juan Ryan
2914,Justin Kelly
2915,Mary Davis
2916,Jason Tyler
2917,Rachel Jones
2918,Christina Barton
2919,Jennifer Graham
2920,Heather Blackburn
2921,Adam Jordan
2922,Donna Rice
2923,Ashley Flowers
2924,Miss Tammy Blair
2925,Ruben Valencia
2926,Samuel Ruiz
2927,Jennifer Cannon
2928,William Allen
2929,Lisa Hill
2930,Shawn Cunningham
2931,Blake Jimenez
2932,Autumn Young
2933,Ryan Evans
2934,Nicole Carlson
2935,Derek Cooper
2936,Aaron Velez
2937,Jeremiah Page
2938,Kelsey Allen
2939,Nicole Abbott
2940,Jay Hill
2941,Steven Stout
2942,Lisa Edwards
2943,Susan Holt
2944,Jessica Williams
2945,Autumn Gutierrez
2946,Angel Greer
2947,Patricia Montoya
2948,Ana Estrada
2949,Stacy Poole
2950,Jacqueline Snyder
2951,Tracy Davenport
2952,Richard Wilkerson
2953,Jacqueline Ross
2954,Tammy Mann
2955,Mike Ross
2956,Jacob Jones
2957,Katie Park
2958,Vincent Rosario
2959,Wayne Peterson
2960,Anna Bishop
2961,Dennis Baker
2962,Edward Stokes
2963,Shawn Morgan
2964,Krystal Odonnell
2965,Kevin Ellis
2966,Richard Jones
2967,Lauren Chen
2968,Isabel Wood
2969,Kayla Simpson
2970,Krista Turner
2971,Valerie Allen
2972,Reginald Johnson
2973,Jack Sanchez
2974,Laura Smith
2975,Natalie Watkins
2976,Daniel Hill
2977,Frances Williams
2978,Amanda Davila
2979,Jennifer Vargas
2980,Bradley Burns
2981,Aaron Rivera
2982,Edwin Ingram
2983,Samantha Moore
2984,Paul Wall
2985,Patrick Jones
2986,Micheal Ryan
2987,Janet Norris
2988,Megan Shaffer
2989,Chase Todd
2990,Lindsey Simmons
2991,Linda Ross
2992,Michael Cox
2993,Amanda Rosario
2994,Jessica Fox
2995,Alexander Webster
2996,Caitlin Clayton
2997,Jeffrey Jacobs
2998,Dr. Catherine Black
2999,Andrew Cunningham
3000,Elizabeth Hall
