director_id,name
1,Louis Merritt
2,David Murray
3,William Hayden
4,Carol Jensen
5,Nathan Diaz
6,Jasmine Hess
7,Elizabeth Lopez
8,Henry Davis
9,Scott Callahan
10,John Zuniga
11,James Marks
12,James Graves
13,Susan Arnold
14,Theodore Parker
15,Jason Stark
16,Daniel Bennett
17,Anna Martinez
18,Alan Murphy
19,Robert Bush
20,Melissa Singh
21,Kathy Steele
22,Wendy Williamson
23,Tonya Landry
24,Robert Garcia
25,Teresa Rogers
26,Zachary Grimes
27,Dawn Shaw
28,Edward Scott
29,Jonathan Madden
30,Anthony Jones
31,Teresa Lynn
32,Nancy Mccarthy
33,Brent Jenkins
34,Michael Barrett
35,Brenda Skinner
36,Sean Watts
37,Jessica Klein
38,Janice Cruz
39,Christopher Young
40,Dean Gibson
41,Dawn Le
42,Shannon Brown
43,Rodney Sharp
44,Douglas Lowery
45,Cindy Ramirez
46,Samantha Acosta
47,Catherine Phillips
48,Melody Johnston
49,Mike Yang
50,Amber Torres
51,Gabriel Stevenson
52,James Cruz
53,Robert Santiago
54,Denise Miller
55,Mrs. Vanessa Nguyen
56,Aaron Hood
57,Michael Molina
58,Thomas Reed
59,Lauren Ramos
60,Ronald Rodriguez
61,Kathleen Hutchinson
62,Lori Rhodes
63,Zachary Hall
64,Timothy Andrews
65,Carol Brown
66,Timothy Ramirez
67,Nancy Reyes
68,Aaron Moody
69,Hunter Pratt
70,Valerie Matthews
71,Wayne Martin
72,Amanda Patel
73,Sarah Booth
74,Jason Wilson
75,Kelsey Dixon
76,Patrick Peters
77,Tammy Smith
78,Melinda Gentry
79,Brian Greene
80,Danny Huffman
81,Casey Young
82,Christopher Trevino
83,Adam Richard
84,John Keith
85,Mrs. Kelsey Taylor DVM
86,Christopher Brown
87,Lindsey Willis
88,Kristi Lane
89,Ryan Lindsey
90,Chase Hayes
91,Jeremy Huang
92,David Taylor
93,Rebecca Guerra
94,Dustin Perez
95,Jessica Nguyen
96,Mr. Frank Woods
97,Tammy Carlson
98,Angela Castro
99,Linda James
100,Manuel Cook
101,Christopher Daniels
102,Jacqueline Hodges
103,Katherine Parker
104,Rachel Allen
105,David Holland
106,Gregory Pierce
107,Ellen Hopkins
108,Robin Dunn
109,Dylan Foster
110,Gail Middleton
111,Daniel Martin
112,Lisa Bennett
113,Brandon Medina
114,Anthony Wilson
115,Todd Lawrence
116,Scott Forbes
117,Alicia Medina
118,Shawn Davis
119,Seth Norman
120,Tara Owen
121,Daniel Davis
122,Raven Brown
123,Kayla Hall
124,Peter Norris
125,John Espinoza
126,Stephanie Taylor
127,Natalie Lee PhD
128,Courtney Brock
129,Dan Solis
130,Rebecca Ramos
131,Marcus Rios
132,Danielle Cook
133,Michael Johnson
134,Olivia Jackson
135,Karen Boyd
136,Andrew Andrews
137,Todd Sharp
138,Marc Douglas II
139,Margaret Kelley
140,Christopher Palmer
141,Kelly Tran
142,Mrs. Jane Pope MD
143,Michelle Thompson
144,Dylan Sanchez
145,Michael Wilson
146,Alicia Hill
147,Derek Leach
148,Samantha Peters
149,Tristan Patterson
150,Jennifer Beck
151,Christopher Miller MD
152,William Morales
153,Mr. Robert Jordan
154,Chad Davis
155,Katie Marsh
156,David Wallace
157,Nathaniel Brooks
158,Jeffery Mcmahon
159,Richard Mann
160,Vernon Cooper
161,James Bates
162,Tina Wells MD
163,John Lang
164,Dylan Brown
165,Allison Holt DDS
166,Donna Davis
167,Audrey Gilbert
168,Veronica Carlson
169,Tina Stokes
170,Paul Jones
171,Natalie Perez
172,Mark Jackson
173,Joshua Clark Jr.
174,Michael Lopez
175,Scott Mccann
176,Donald Andrews
177,Jacob Mason
178,Angel Garcia
179,Rita Thompson
180,Lisa Taylor
181,Gabrielle Morales
182,Bradley Clark
183,Charles Crawford
184,Angie Long
185,John Bennett
186,Shirley Kim
187,Brad Harris
188,Danielle Jordan
189,Deborah Morse
190,Christina Jackson
191,Elizabeth Barron
192,Laura Reed
193,Brian Adams
194,Deanna Pollard
195,Andrew Bautista
196,Raymond Ryan
197,Michael Williams
198,Rebecca Pineda
199,Michael Butler
200,Joseph Johnson
201,Rebecca Pena
202,Justin Lopez
203,Shawn Evans
204,Rebekah Adams
205,Kelly Massey
206,Kim Boyle
207,Kimberly Perez
208,April Mooney
209,Christopher Young
210,Anthony Molina
211,Gary Gonzalez
212,Megan Wise
213,Jessica Kelley
214,Raymond Morris
215,Ariel Jacobs
216,Sarah Castillo
217,Angela Robinson
218,Mary Moore
219,Megan Bond
220,Wendy Hampton
221,Francis Rodriguez
222,Marie Hill
223,Sylvia Bailey
224,Rodney Rojas
225,Autumn Hayes
226,Ashley Tyler
227,Mark Terry
228,Elaine Stephens
229,Richard Garcia
230,Sharon Ortiz
231,Thomas Jacobs
232,Diana Sherman
233,Erika Mendoza
234,Jade Roy
235,Adrian Fox
236,Ashley Tucker
237,Darren Garza
238,Cindy Wells
239,Miguel Rhodes
240,Curtis Green
241,Matthew Taylor
242,Sabrina Schultz
243,Christopher Murphy
244,Angela Ruiz
245,Laura Coleman
246,Daniel Taylor
247,Todd Nelson
248,Amy Riddle
249,Christine Martinez
250,Cheryl Baldwin
251,Thomas Torres
252,David Mcintosh
253,Christopher Dennis
254,Robert Hansen
255,Paul Rich
256,Angela Rosales
257,David Johnson
258,Mark Williams
259,Nancy Murray
260,Amber Bridges
261,Janice Smith
262,Regina Kirk
263,Eric Howard
264,David Dunn
265,Becky Williams
266,Micheal Edwards DDS
267,Mrs. Sarah Key
268,Brittany Russell
269,Timothy Hall
270,Laurie Miller
271,Daniel Robertson
272,Joshua Pearson
273,Elizabeth Erickson
274,Gary Hoffman
275,Traci Parker
276,Scott Ward
277,David Gilmore
278,Alexander Miller
279,Alex Davenport
280,Alan Henderson
281,Angela Davis
282,Maria Perkins DDS
283,Kevin Jackson
284,Patrick Williams
285,John Scott
286,Gary Crawford
287,Daniel Rocha
288,Lisa Thomas
289,Michelle Dalton
290,Kristen Walker
291,April Meadows
292,Gilbert Walton
293,Eugene Dickerson
294,Ann Dean
295,Kenneth Lang
296,Willie Mason
297,Karina Smith
298,Bradley Patel
299,Daniel Kaiser
300,David Wiggins
301,Timothy Estes
302,Kyle Blackburn
303,Charles Jones
304,Jill Flores
305,Alicia Clark
306,Cody Estes
307,Scott Wade
308,Carlos Pennington
309,Brianna Pena
310,Kylie Cruz
311,Rhonda Boyd
312,Jason Brown
313,Kristen Schwartz
314,Devin Warner III
315,Dr. Victor Johnson
316,Erin Morgan
317,Lisa Mays
318,Alison Haynes
319,Hannah Hicks
320,Julia Pierce
321,Isaac Wilcox
322,Matthew Johnson
323,Nicole Garcia
324,Brooke Garcia
325,Jodi Turner
326,Andrew Castro
327,Sydney Becker
328,Lance Navarro
329,Melanie Burns
330,Victor Bennett
331,Yvonne Harmon
332,Robert Bryant
333,Jordan Chambers
334,Christopher Hudson
335,Kaitlyn Todd
336,Vanessa Garcia
337,Deborah Gonzalez
338,Heidi Gonzalez
339,Emily Mullins
340,Marie Moore
341,Morgan Dean
342,Michael Liu
343,Michael Clark
344,Maria Smith
345,Adrian Fowler
346,Eric Wright DDS
347,Vincent Dominguez
348,William Robinson
349,Brittany Medina
350,Judith Wise
351,Gabrielle Anderson
352,Christina Jackson
353,Barry Johnson
354,James Kennedy
355,Sandy Roberts
356,Joshua Summers
357,Kimberly Heath
358,Gregory Clark
359,Ronald Williams
360,Jennifer Turner
361,Michael Harris
362,Edgar Patterson
363,Angela Grant
364,Andrea Walker
365,James Lopez
366,Courtney Carter
367,Ryan Lang
368,Samantha Taylor
369,Kathleen Rhodes
370,Brian Green
371,Mary Patel
372,Dana Brown
373,Andrew Jones DDS
374,Dr. Derek Chang
375,Karen Simon
376,Shawn Johnson
377,Benjamin Santos
378,Laura Kim
379,Mario Mora
380,Benjamin Newman
381,Brianna Castillo
382,Natalie Smith
383,Donald Contreras
384,Melissa Reynolds
385,Rebecca Nunez
386,Nicholas Moore
387,John Mcguire
388,Megan Burns
389,Sean Cox
390,Virginia Savage
391,Brian Stewart
392,Angel Rivera
393,Thomas Norton
394,Grace Webb
395,Scott Huerta
396,Alyssa Sanders
397,John Schwartz
398,Charlotte Bailey
399,Madison Rice
400,Joseph Franklin
401,Julie Thompson
402,Jessica Lee
403,Matthew Stevens
404,Stephanie Dunlap
405,Daniel Davis
406,Bill Vaughan
407,Molly Jones
408,Ashley Patel
409,Rachael Lara
410,Laura Christensen
411,Sarah Graves DDS
412,Ronnie Bright
413,Alexander Steele
414,Katherine Norman
415,George Hernandez
416,Justin Rodgers
417,Emma Cisneros
418,Lydia Manning
419,Cynthia Patton
420,Julie Dixon
421,Barbara Bray
422,Paula Whitehead
423,Bradley Vasquez
424,Marvin Caldwell
425,Nicholas Rhodes
426,Kimberly Miles
427,Samantha Koch
428,Lisa Jones
429,David Shelton
430,Jacqueline Walker
431,Kelly Ortiz
432,Taylor Conner
433,Patricia Kent
434,Dr. Christy Brown PhD
435,Eric Gonzalez
436,Greg Ramirez
437,Heather Chang
438,Elizabeth Russell
439,Kevin Elliott
440,Jared Gray
441,Ashley Carr
442,Christina Rivera
443,Kristin Poole
444,Michael Hill
445,Monica Chung
446,Kendra Suarez
447,Cathy Bell
448,Ashley Valdez
449,Joseph Vance
450,Matthew Walker
451,John Wilson
452,Alexandra Mckee
453,Samantha Santos
454,Mr. Damon Doyle
455,Joseph Bautista
456,Amber Barrera
457,Catherine Harris
458,Ashley Webster
459,Brittany Holloway
460,Tanya Henry
461,Mark Wiggins
462,Donna Welch
463,Richard Brown
464,Henry Reese
465,Virginia Daniel
466,Carolyn Bennett
467,Jasmine Hubbard
468,Ms. Samantha Wright
469,Shelley Goodwin
470,Diane Li
471,Peter Giles
472,Megan Cherry MD
473,Kevin Edwards
474,Kathleen Liu
475,Kayla Davis
476,James Chan
477,Vanessa Matthews
478,Zoe Taylor
479,Kelly Wells
480,Benjamin Baker
481,Christina Owen
482,Tony Williams
483,James Mooney
484,Judy Walls DDS
485,Thomas Lewis
486,Misty Flores
487,Maria Williams
488,John Banks
489,Megan Lewis
490,Kyle Velazquez
491,Roger Davis Jr.
492,Justin Ramirez
493,Kimberly Price
494,Diana Ford
495,Amanda Jackson
496,Nicholas Friedman
497,Thomas Bowen
498,Kristen Gonzalez
499,Colin Velazquez
500,Rodney Huber
501,Veronica Smith
502,Rodney Santiago
503,Chase Cline
504,Marc Anderson
505,Ronald Green
506,Jesse Guzman
507,Brittany Davis
508,David Powell
509,Yvonne Nicholson
510,Sandra Wheeler
511,Daniel Flores
512,Makayla Greene
513,Amanda Joseph
514,Daniel Hoffman
515,Karen Rogers
516,Richard Scott
517,Melanie Collins
518,Tracy Flores
519,Diana Moore
520,Wesley Martin
521,Kevin Henry
522,Michael Powers
523,Jessica Brown
524,Phillip Le
525,David Franco
526,Joshua Fuller
527,Kaitlyn Johnson
528,David Hart
529,Sara Tucker
530,Mark Jennings
531,Megan Smith
532,Ryan Lewis
533,Oscar Riley
534,Joshua Ross
535,Caitlyn Johnson
536,Tracy Smith
537,Jeremy Gutierrez
538,Sean Lowery
539,Charles Wilson
540,Kimberly Arnold
541,Kathryn Flores
542,Jamie Hill
543,Anthony Stokes
544,Richard Edwards
545,Cristian Gonzalez
546,Matthew Garcia
547,Matthew Barnes
548,Joseph Williamson
549,Donald Knight
550,Marcus Graham
551,Jonathan Martin
552,Gwendolyn Gray
553,Maria Lyons
554,Donna Hamilton
555,Jonathan Sanchez
556,Steven White
557,Richard Owens
558,Nicolas Stout
559,James Herrera
560,Ronald Johnson
561,Edwin Pierce
562,James Wallace
563,Jose Hansen
564,William Freeman
565,Taylor Bass
566,Melissa Prince
567,Rebecca Hill
568,Andrew Thomas
569,Aaron Barrett
570,Stephanie Beasley
571,William Gilbert
572,Mr. James Woods
573,Lisa Johnson
574,Adrienne Hancock
575,Mia Walker MD
576,James Thomas
577,Michelle Anderson
578,Brandon Johnson
579,Molly Martinez
580,Matthew Obrien
581,Carmen Schmidt
582,Joy Harris
583,David Cole
584,Jordan Wilcox
585,Kaitlyn Harper
586,Brian Peterson
587,Ricardo Wilson
588,Bill Smith
589,David Dudley
590,Dillon Wells
591,Curtis Rose
592,Adam Meyer
593,Terri Kelley
594,Mackenzie Mclean
595,Patricia Woods
596,Joseph Hill
597,Edwin Barrett
598,Sandra Herring
599,Linda Jones
600,Travis Zimmerman
601,Miguel Flores
602,Jennifer Hawkins
603,Karen Lynn
604,Jessica Avery
605,Nicole Johnson
606,Travis Day Jr.
607,Shirley Thompson
608,Elizabeth Reynolds
609,Cameron Rodriguez
610,Bobby Johnson
611,Mrs. Jennifer Henderson
612,Doris Strong
613,Tyler Jones
614,Melissa Cox
615,Phillip Shelton
616,Rachel Silva
617,Jonathan Alvarez
618,Kristopher Mendez
619,Pedro Shepherd
620,Stephanie Jones
621,Shannon Smith
622,Danielle Simmons
623,Isabella Carter
624,Frank Alvarado
625,Charles Evans
626,Brandon Ewing
627,Craig Sanchez
628,Stephen Martinez
629,Richard Rogers
630,Jessica Sanchez
631,John Ramos
632,Jacob Long
633,Logan Hanson
634,Amanda Ramirez
635,Michelle Edwards
636,Christopher Ward
637,Gary Blanchard
638,Cheryl Davis
639,Andrew Klein
640,Jennifer Parks
641,Stephanie Fox
642,Laura Figueroa
643,John Robinson
644,David Gregory
645,Alexandra Johnson
646,Debbie Bell
647,Penny Key
648,Julie Garcia
649,Latoya Williams
650,Ryan Reyes
651,Andrew Kline
652,John May
653,Mary Navarro
654,Meghan Freeman
655,Jonathan Luna
656,Bryce Ward
657,Cynthia Burton
658,William Chen
659,Katie Johnson
660,Rose Hogan
661,Corey Gregory
662,Dale Hill
663,Drew Thomas
664,Jessica Valencia
665,David Vargas
666,Tyler Smith
667,Thomas Moore
668,Gina Adams
669,Mr. Brian Pace
670,Julia Blair
671,James Bass
672,Elizabeth Johnson
673,Marc Johnson
674,William Roberts
675,Katherine Santos
676,April Miller
677,Tiffany Torres
678,Lisa Torres
679,Sarah Stephens
680,Nathan Garcia
681,Brian Black
682,Jessica Medina
683,Jamie Lozano
684,Natasha Johnson
685,Kenneth Morgan
686,Amy Miranda
687,Jennifer Curry
688,Kristen Price MD
689,John Cabrera
690,Shaun Johnson
691,Robert Logan
692,Lynn Campos
693,Dr. Darin Nelson
694,Juan Dominguez
695,Robert Fitzgerald
696,Paige Johnson
697,Alexander Murphy
698,James Davila
699,Felicia Rivera
700,John Robbins
701,Vanessa Ruiz
702,Daniel Cisneros
703,Zachary Harrison
704,Theresa Williams
705,Kristy Lee
706,Megan Hood
707,Preston Carter
708,Kathryn Moore
709,Hector Hubbard
710,Brian Hanson
711,Jessica Thompson
712,Kyle Garcia
713,Jose Ferguson
714,Robert Abbott
715,Crystal Rios
716,Donna Boyle
717,Jane Wong
718,Clinton Mosley
719,Ryan Cantrell
720,Robin Morales
721,Peter Gregory
722,Carla Mcmillan
723,Thomas Graham
724,Sergio Scott
725,Caitlin Coleman
726,David Austin
727,Elizabeth Molina
728,Angela Adams
729,Joshua Roberts
730,Christopher Munoz
731,Robert Gilbert
732,Rachel Gardner
733,Richard Stein
734,Laura Blake
735,Autumn Smith
736,Mariah Williams
737,Robert King
738,Samantha Kim
739,Pamela Osborn
740,Jake Harris
741,Stephanie Wade
742,Ashley Martinez
743,Jason Keller
744,Dale Williams
745,Dr. Ross Riggs PhD
746,Rebecca Johnson
747,Kendra Castaneda
748,Veronica White
749,David Lopez
750,Kevin Scott
751,Dr. Maria Bates DVM
752,John Quinn
753,Marcus Rasmussen
754,Julia Jones
755,Arthur Hess
756,Lisa Bishop
757,Alyssa Quinn
758,Christopher Blair
759,Karl Lowery
760,Anthony Fitzgerald
761,Tiffany Mack
762,Thomas Garcia
763,Paul Hall
764,Eric Ball
765,Antonio Benton
766,Joshua Bean
767,Leah Burke
768,Shawn Smith
769,Chris Brown
770,Steven Becker
771,Daniel Daniels
772,Marco Marquez
773,Katherine Peck
774,Chad Williams
775,Michael Miller
776,Mrs. Jean Fernandez DDS
777,Amanda Allen
778,Matthew Morales
779,Patricia Smith
780,James Jacobson
781,Nicholas Mcdonald
782,Lisa Gonzales
783,Samuel Hill
784,Alicia Griffin
785,Jared Campos
786,Ellen Blackburn
787,Sara Cook
788,Stephanie Suarez
789,Wendy Lopez
790,Gary Hughes
791,Tammy Terry
792,Brandon Parsons
793,Cassandra Chambers
794,Rebecca Moore
795,Anita Baird
796,Richard Mcneil
797,Mr. Matthew Ross
798,Matthew Moss
799,Mrs. Donna Brady MD
800,Richard Fields
801,Jason Rojas
802,John Cordova
803,James Bush
804,Jennifer Higgins
805,Alexander Richardson
806,Todd Castro
807,Alan Gibson
808,Timothy Moore
809,Heather Jones
810,Kristen Rodriguez
811,Tonya Williams
812,Victoria Smith
813,Amber Rice
814,Lisa Brown
815,Mary Johnson
816,Katherine Hansen
817,Dawn Lopez
818,Daniel Guzman
819,Sarah Jackson PhD
820,Richard Miller
821,Heather Blackburn
822,Phillip Martinez
823,Savannah Kane
824,Russell Curry
825,Kenneth Jennings
826,Steven Jones
827,Seth Downs
828,Robert Morgan
829,Tracy Peters
830,Andrea Gonzales
831,Melody Ware
832,Brandon Price
833,Tammy Shepherd
834,Erin Conrad
835,David Hall
836,Tony Rodriguez
837,Noah Stevens
838,Angela Salazar
839,Christian Martin
840,Claudia Blackwell
841,Jodi Anderson
842,Michael Jordan
843,Jesse Acosta
844,Kevin Jackson
845,Matthew Huynh
846,Jimmy Wallace
847,Tricia Wilson
848,Helen Hancock
849,Cody Lee
850,Mrs. Jessica Rose
851,Jonathan Torres
852,Robin Benton
853,John Lamb
854,Glenn Sosa
855,Joanne Parker
856,Michelle Schneider
857,David Oliver
858,Sierra Ross
859,Fred Potter IV
860,Diana Harrington
861,Amber Gray
862,Evelyn Baxter
863,Andres Mccormick
864,Rebekah Williams
865,Tiffany Pitts
866,Antonio Brewer
867,Sara Lam
868,Christina James
869,Melissa Young
870,Amy Clark
871,Latasha Lopez
872,Daniel Ward
873,Michael Howe
874,Deborah Bowers
875,Katelyn Davis
876,Valerie Holmes
877,George Fletcher
878,Megan Williams
879,Mary Clements
880,Amanda Berry
881,Andrew White
882,Robin Mason
883,William Howard
884,Wendy Rodriguez
885,John Holt
886,Justin Smith
887,Elizabeth Murray
888,Kyle Padilla
889,Andrew Garcia
890,Kathy Reid
891,Cole Wolf
892,Linda Williams
893,Barbara Chavez
894,Patricia Lucas
895,Lisa Evans
896,April Mckenzie
897,Katherine Barker
898,Kristen Gaines
899,Kristine Ramos
900,Jennifer Campbell
901,Kristin Carpenter
902,Paul Patterson
903,Brittany Fleming
904,Ashley Williams
905,Nicole Ross
906,Kathryn Vasquez
907,Kimberly Leonard
908,Stephanie Potts
909,Steven Cook
910,Kevin Lutz
911,Karina Lara
912,Sarah Anderson
913,Dr. Brett Hayes
914,Teresa Brown
915,Tamara Savage
916,Tyler Gonzalez
917,Katherine Duncan
918,Dale Cooper
919,Johnny Sparks
920,Brenda Long
921,Brandon Maldonado
922,Lori Coleman
923,Nathaniel Herrera
924,Amanda Williams
925,Brian Rodriguez
926,Christy Hamilton
927,Michelle Meyers
928,Carol Nelson
929,Ashley Anderson
930,James Smith
931,Andrew Williams
932,Mrs. Janet Stone
933,Tanya Becker
934,Ann Johnson
935,Rebecca Bowen
936,Billy House
937,Marvin Edwards
938,Pamela Summers
939,Jacqueline Pennington
940,Robert Branch
941,Jose Munoz
942,Charles Stewart
943,Charles Curtis
944,Taylor Richardson
945,Latasha Bryant
946,Jonathan Barker
947,Jill Brewer
948,John Rivera
949,Andrea Torres
950,Vanessa Stewart
951,Patrick Leon
952,Christopher Warner
953,Luis Lawson
954,Carol Wilson
955,Doris Brown
956,Sharon Schmidt DVM
957,James Rogers
958,Kari Barrera
959,Dr. Ryan Kaufman MD
960,Laura Smith
961,Jodi Hill
962,Stephanie Brown
963,Kimberly Montes
964,Anna Mosley
965,Daniel Clark
966,Christopher Olson
967,Mr. Lee Smith
968,Michael Williams
969,Jeffrey Burnett
970,Darren Mitchell
971,Jamie Smith
972,Michael Lucas
973,Amy Reeves
974,Julia Wilson
975,Andrew Estrada
976,Ian Williams
977,Jocelyn Lozano
978,Mark Reynolds
979,Mark Schultz
980,Christopher Allen
981,Paige Cabrera
982,Jill Barton
983,Mr. Connor Charles
984,Charles Nelson
985,Sandra Davis
986,Kenneth Flynn
987,Dylan Gilmore
988,Jacob Davis
989,Gary Alvarez
990,Benjamin Byrd
991,Jacob Flores
992,Katherine Cook
993,Ryan Johnson
994,James Castro
995,Mark Harris
996,Janet Wilson
997,Matthew Mccoy
998,Johnathan Perez
999,Jacob Underwood
1000,Erin Bryant
