user_id,username
1,ewingmary
2,moraleswilliam
3,jessica37
4,eric08
5,hallsuzanne
6,qhumphrey
7,qdavis
8,vking
9,jfletcher
10,christopherbrown
11,joshuamorris
12,goodwineric
13,whiteelizabeth
14,redwards
15,xblack
16,jhobbs
17,jeffrey71
18,jennifer73
19,qjackson
20,brownstephanie
21,jamesduffy
22,james27
23,gwilson
24,andrew09
25,wsingh
26,ericthomas
27,tnelson
28,micheal18
29,chavezgeorge
30,mcdowellernest
31,msnyder
32,amanda35
33,bergerkathleen
34,xcunningham
35,zsnyder
36,lmcclure
37,cynthia16
38,crystalcarter
39,lindsey94
40,steven25
41,pamelahaas
42,gfuentes
43,jensenandrew
44,iliu
45,brandonhernandez
46,vincent15
47,richardtyler
48,zgreen
49,peckcasey
50,johnjohnson
51,jwagner
52,kendra51
53,christina27
54,ryanmoss
55,johnsonnatasha
56,xanderson
57,haleymoyer
58,morenoroberto
59,colemanmichael
60,jonathan23
61,kanderson
62,karenhensley
63,devonlane
64,snyderpatrick
65,kimberlymorton
66,anthonymorris
67,fleminganne
68,jefferyharvey
69,john77
70,joshuarobinson
71,gregory86
72,mjohnson
73,nichole92
74,jason28
75,kellymiranda
76,wandahernandez
77,qlindsey
78,jerry28
79,nelsonphilip
80,jimenezkara
81,cameron46
82,tvelasquez
83,williamsbrandon
84,aprilwashington
85,margaretanderson
86,nsimmons
87,shelley12
88,christopherjones
89,kathleen69
90,brendajohnson
91,patrick73
92,dortiz
93,mcgrathmonica
94,joshua92
95,amandawarner
96,seanestrada
97,tthomas
98,gabriellebell
99,rfreeman
100,charles34
101,joshuamcbride
102,danielzhang
103,nancy55
104,iroberts
105,anash
106,carolynwilliamson
107,marshalledward
108,hmayer
109,jennifer21
110,jordanmary
111,qellis
112,aperry
113,troyhuber
114,kirbykenneth
115,harveynicholas
116,kmay
117,michael89
118,wclarke
119,hamptonlisa
120,joneskatherine
121,emalone
122,websteredwin
123,williamskyle
124,williamsandrew
125,javiertorres
126,bennettchristopher
127,timothy29
128,rachaelroberson
129,bhill
130,kbradley
131,oberger
132,christopher36
133,vanessabutler
134,christina74
135,shelby87
136,diazjoshua
137,kingeric
138,owensmolly
139,harrisvictor
140,yjackson
141,rjackson
142,sherryproctor
143,benjaminvasquez
144,amberfisher
145,cynthiatrujillo
146,gentrykathy
147,imoore
148,dana89
149,vargasrobert
150,lindsayparker
151,angelgardner
152,hmason
153,felicia83
154,edorsey
155,shawn39
156,gregory99
157,mitchell35
158,joneill
159,xbarry
160,lisa43
161,nfuller
162,alexis31
163,strongdavid
164,zespinoza
165,grantmichelle
166,smithamy
167,wendyforbes
168,vritter
169,dorseycharlotte
170,holmeswilliam
171,stephanie88
172,greenejoanne
173,kevinpalmer
174,oklein
175,courtneyyoung
176,jennifer17
177,xdavis
178,imoore
179,brandon84
180,phansen
181,michael38
182,jflores
183,ksanders
184,samuel43
185,tlane
186,brianthomas
187,reedrichard
188,april16
189,lewislaura
190,tammyconway
191,idavies
192,waltonkristen
193,steven51
194,bsmith
195,rebecca82
196,gardnererin
197,xmullins
198,corey57
199,johnsonruth
200,scott44
201,richardrush
202,daviskenneth
203,gwilson
204,michael70
205,smithjamie
206,cstanley
207,dcosta
208,yjones
209,woodlinda
210,tara95
211,bookerjohn
212,juliemartinez
213,danielalexander
214,amydavis
215,zcruz
216,michael19
217,rreyes
218,john05
219,gabriellebrown
220,wrobinson
221,sharpshawna
222,bailey56
223,sarahhayden
224,heathergray
225,sarah20
226,rebecca09
227,portertiffany
228,amy80
229,nrivera
230,browland
231,perezsharon
232,christian33
233,salazarlarry
234,codyjohnson
235,timothyroberts
236,caseywhitney
237,blairkristin
238,kari27
239,powelljulia
240,tammy82
241,eriksmall
242,matthewblake
243,mramirez
244,gonzalestammy
245,fhenderson
246,emccarty
247,vanessaflores
248,wrightjohn
249,morgankyle
250,timothy63
251,steven49
252,howardkhan
253,jennifer55
254,hughesmatthew
255,ashleymay
256,garcianicholas
257,aguilargail
258,danielschneider
259,gary61
260,xlee
261,wyoung
262,alexis18
263,judy93
264,robin12
265,oparks
266,pbutler
267,dmiller
268,evansshaun
269,amandamorrow
270,connerkimberly
271,christopherjohnston
272,tanya37
273,courtneyroach
274,larrytaylor
275,njohnson
276,bryanreynolds
277,jasonmullins
278,andersonerik
279,tmccullough
280,ngarcia
281,johnsontamara
282,christina28
283,sara02
284,tsharp
285,cbailey
286,btravis
287,matthew95
288,mcmillantheresa
289,kgordon
290,paulahester
291,delacruzmichael
292,robert34
293,salazarjoseph
294,turnersarah
295,williamsbrandon
296,shane44
297,debrajohnson
298,kingedwin
299,tsanders
300,morgan88
301,foxcody
302,hansonsandra
303,michael55
304,hardinangela
305,perezmegan
306,perezgeorge
307,vsmith
308,martinezjoshua
309,hwatkins
310,riveracatherine
311,heatherhunt
312,natalie56
313,pittsnathan
314,wesleydurham
315,michael67
316,mooneyjennifer
317,princelisa
318,kgarza
319,sgaines
320,anthonyjennifer
321,brownraymond
322,gabriela47
323,jennifertaylor
324,ereese
325,megan44
326,austinlaura
327,robert90
328,zachary61
329,patrickbennett
330,christinamorgan
331,murillomelinda
332,christinasanders
333,mark65
334,wcherry
335,nathanmaldonado
336,rosscarmen
337,danderson
338,lucaskimberly
339,wsmith
340,sroberson
341,bromero
342,martinvictor
343,geoffrey34
344,johncolon
345,tuckeraudrey
346,jamesjimenez
347,stephanie94
348,alicia15
349,sherry29
350,thomas33
351,pchapman
352,mmartin
353,john30
354,amythomas
355,dalemclaughlin
356,robbinsjohn
357,marcus48
358,wcarter
359,gsilva
360,jacobcollins
361,tcooper
362,echoi
363,victoria74
364,lknight
365,mitchellsusan
366,victoria08
367,david27
368,michael03
369,karenknight
370,campbelljohn
371,grayrobert
372,vdavis
373,suegreen
374,ehayes
375,christopher52
376,beckerrodney
377,reesekeith
378,terrymatthew
379,adrian55
380,kathleenmills
381,mmoore
382,tonylong
383,misty29
384,gregorylambert
385,jose95
386,gcantrell
387,benjaminsanchez
388,christinepeters
389,pricetrevor
390,mitchell15
391,christina46
392,hendersonelizabeth
393,eric80
394,wrose
395,victoredwards
396,mezatony
397,andersonkristin
398,matthew91
399,jenniferwilson
400,mbennett
401,christopherpeters
402,lisacampbell
403,aaronlamb
404,tonyperry
405,annetteacevedo
406,kenneth15
407,lmorse
408,lopezbruce
409,logan84
410,chendebra
411,michaela82
412,bjackson
413,stephensonreginald
414,craigadams
415,glopez
416,joenelson
417,muellerjohn
418,shannon68
419,hoffmanjohn
420,jilllittle
421,williamsjoseph
422,nallen
423,nweber
424,michael04
425,lisa03
426,dbenjamin
427,steven28
428,timdaniel
429,megancarrillo
430,cassidysmith
431,michaelmoss
432,aallen
433,lauraanderson
434,jaredgardner
435,lkelly
436,jerry73
437,ewingcharles
438,jon58
439,amy71
440,rachelnelson
441,michaelhart
442,buckdaniel
443,rebeccaevans
444,holly61
445,brad91
446,sanchezwilliam
447,laura88
448,robert36
449,barronjill
450,charlesandrade
451,kristina19
452,dustin43
453,craigmichael
454,tcampbell
455,tammie89
456,bishopmatthew
457,andrew19
458,ethan77
459,michaelgood
460,lherrera
461,stacey77
462,david17
463,aprilhubbard
464,gcopeland
465,george59
466,qdominguez
467,nathanbauer
468,dmata
469,hesspreston
470,brewercynthia
471,shawtimothy
472,xarellano
473,theresa92
474,rodriguezcameron
475,karenramirez
476,smithpeter
477,robert07
478,jillwoodward
479,gutierrezmelissa
480,lori14
481,justin70
482,courtneyfitzgerald
483,matthew71
484,wolfandrew
485,daniel46
486,jennifersilva
487,tami16
488,edwardssharon
489,newtonrebekah
490,sanderstheresa
491,knappdana
492,billyrichardson
493,eyoung
494,anthonycase
495,richard70
496,logan82
497,dthompson
498,floresashley
499,lynchchristopher
500,andersonjeffrey
501,pharris
502,gillespietimothy
503,qingram
504,campbelljudy
505,castanedakatherine
506,rhill
507,michaelmiller
508,maryyork
509,mjenkins
510,wellsdavid
511,sanderscolleen
512,yjackson
513,kimberly69
514,simsanthony
515,bburke
516,rboyd
517,michaelholland
518,daniel77
519,kristamoore
520,samanthabarnes
521,hannahtrevino
522,susan67
523,christianmonica
524,adamscrystal
525,dylan72
526,brian51
527,unelson
528,zmurray
529,davisjoel
530,yolandabenton
531,apayne
532,sjones
533,jeremy82
534,charleshooper
535,trevorhamilton
536,umartin
537,jamestodd
538,fosterbarbara
539,katherine72
540,mezamegan
541,david88
542,linda99
543,calebkane
544,kathrynbanks
545,gbryan
546,michelle64
547,timothy10
548,reynoldskristen
549,anne33
550,michelle01
551,drakesean
552,chelsea20
553,darren24
554,alex59
555,jacquelinehunt
556,megan12
557,egomez
558,aaustin
559,randy95
560,lozanotara
561,noah02
562,wrightjesse
563,kayla98
564,regina12
565,nirwin
566,kimberlylee
567,theresamccann
568,julie64
569,smithvictoria
570,fitzgeraldchloe
571,tiffanyporter
572,alyssabrooks
573,jenniferallen
574,mbaker
575,potternancy
576,vleon
577,rwang
578,derrickjordan
579,whitetracy
580,roy56
581,louis90
582,christinahodges
583,fmiddleton
584,opalmer
585,diazsandra
586,jonathan27
587,pchambers
588,edward50
589,edwardjones
590,xwhite
591,williamsbrenda
592,shelleykelley
593,morrisnicole
594,ricky37
595,seanwilliams
596,robert40
597,browndonald
598,andrewlopez
599,melissa85
600,reedfrancis
601,janice34
602,michael71
603,dreed
604,bairderic
605,sydneyjones
606,meagan10
607,kconner
608,jameshanson
609,lopezjeremy
610,cfernandez
611,dominique95
612,norrisjennifer
613,vdavis
614,dunlapjeff
615,juarezdominic
616,margaretspencer
617,judypeterson
618,knoxsara
619,nicholasadams
620,rodriguezkatherine
621,zowen
622,chadkidd
623,george43
624,ddavila
625,umclaughlin
626,laura64
627,omartin
628,brian60
629,mjohnson
630,foxkrista
631,kward
632,huynhstephanie
633,valerie01
634,berryjoseph
635,dgoodman
636,heatherlee
637,douglasrodriguez
638,albert17
639,jramirez
640,chambersjeff
641,rchavez
642,lynn12
643,uesparza
644,lmitchell
645,michellenguyen
646,rayelizabeth
647,usimpson
648,zkim
649,nicolefuentes
650,xroberts
651,courtneymolina
652,sherirogers
653,creed
654,grahamtiffany
655,clarkgerald
656,xmcdonald
657,derekwilliams
658,hernandezjon
659,zray
660,smithmegan
661,brent72
662,leslie76
663,sandra57
664,lamjoseph
665,johnsonkevin
666,jenniferyang
667,catherine42
668,matthewhill
669,aaronjennings
670,gibsonsteven
671,oberry
672,foxrobert
673,dclarke
674,cruzelizabeth
675,nicholasraymond
676,whoward
677,lindsayrodriguez
678,ricenatalie
679,vanessa55
680,brian13
681,courtneymorgan
682,erikcaldwell
683,dalearellano
684,wilkinsonnicole
685,qnelson
686,charlesrobertson
687,hollowaymichael
688,michaelgreene
689,jason35
690,kathy76
691,jasonpearson
692,katrina82
693,mcmillanmary
694,brendawebb
695,derek99
696,susan13
697,stevenmccall
698,taylorfreeman
699,heather47
700,robertlane
701,claytonanita
702,andrea20
703,diazhector
704,wsmith
705,pattersonwendy
706,lleonard
707,davidsoto
708,fvargas
709,ashleykoch
710,fhumphrey
711,uramirez
712,lharris
713,jmoore
714,daniel22
715,ryanhenderson
716,roymelton
717,bryan16
718,mitchellanthony
719,perezbrent
720,christinaschmidt
721,rebekahclayton
722,edgarmeyer
723,thompsonandrew
724,erin11
725,oknapp
726,donnaguerra
727,kimberly44
728,phillipsjoshua
729,yzavala
730,ricardo57
731,alejandrapierce
732,matthew58
733,brian32
734,morgankenneth
735,davidorozco
736,wfrazier
737,manuel08
738,katrina79
739,davidcarter
740,john98
741,erikbrooks
742,judithjacobs
743,jameskelley
744,heather17
745,laurabarnett
746,kelleymichael
747,robert53
748,moorelaurie
749,brenda20
750,michaelday
751,freemanshelly
752,wallerjavier
753,alison99
754,thompsonsydney
755,nathanpacheco
756,haroldwhitaker
757,brianwebb
758,gcampbell
759,scarroll
760,tommywilliams
761,connor61
762,eatonzachary
763,kellyfrench
764,amanda14
765,aguilardana
766,christopherleonard
767,laurawagner
768,nicholashernandez
769,jdavis
770,juantran
771,nodom
772,lauriegonzalez
773,alexanderturner
774,burtonarthur
775,raymond15
776,perezstephanie
777,john16
778,chrisgarcia
779,cmccann
780,louissmith
781,gregorythornton
782,pmcguire
783,roberthernandez
784,dsalinas
785,lopezaimee
786,jamesstephens
787,msilva
788,stevebrown
789,johnsonbrady
790,qwalker
791,guerraanthony
792,yfletcher
793,allen25
794,dmercado
795,wilsonchristian
796,nancy48
797,loriandersen
798,fmccarthy
799,promero
800,weissdevin
801,nealjason
802,sroberts
803,garciablake
804,matthew36
805,osanchez
806,rodriguezjohn
807,mariarowe
808,skennedy
809,aprilking
810,stephenharvey
811,raymondstark
812,jonespeggy
813,taylor03
814,bowenjoshua
815,aguirrejoseph
816,janemyers
817,lewisjohnathan
818,cheryl19
819,mossjennifer
820,bushclaudia
821,williamsvincent
822,llang
823,qrich
824,jrice
825,scottmark
826,lindsaybecker
827,patrickcaitlyn
828,jmiller
829,jonesbrett
830,ndavis
831,helenrodriguez
832,amandarosario
833,janetmathis
834,kaylachang
835,jacob42
836,alexcasey
837,lbarton
838,whitney84
839,prosales
840,collinsnicole
841,michaelcuevas
842,ukelley
843,webermichelle
844,colleenalvarez
845,andrew22
846,kevin55
847,john57
848,heather47
849,qalvarado
850,wilsonnancy
851,amanda99
852,rita64
853,nmartin
854,mirandacline
855,mcook
856,vmckinney
857,gerald80
858,hinescrystal
859,linda49
860,lynchbailey
861,john04
862,kimberlyrodriguez
863,yvonne51
864,heathermassey
865,browndaniel
866,jennifersmith
867,isaac00
868,wilsondouglas
869,steven88
870,travis31
871,wolfeelizabeth
872,icole
873,juliesalas
874,andrewallace
875,jeffrey31
876,lriddle
877,smithelaine
878,sallen
879,mejiarandy
880,mark56
881,maria53
882,dlawson
883,jamesgregory
884,joshua08
885,rsmith
886,stephenstammy
887,whitejamie
888,cochranphilip
889,ohughes
890,wwright
891,steventurner
892,bauereddie
893,levans
894,pamela50
895,thomaseric
896,plewis
897,qthompson
898,mary77
899,tammie36
900,rryan
901,bhoward
902,ysalinas
903,joseph07
904,qnicholson
905,barrkatie
906,ryan01
907,benjaminsanchez
908,fieldsjohn
909,stevenlopez
910,cristian66
911,fwilson
912,danielherman
913,ejenkins
914,cgrant
915,wdelgado
916,sarahrogers
917,dustin45
918,phillipperry
919,dana01
920,ghawkins
921,phillipsmorgan
922,jrobinson
923,uoneill
924,darrellreyes
925,david61
926,holsen
927,kristina01
928,martinezdanielle
929,martinezmichael
930,fernandezedward
931,ywilliams
932,ashleystevens
933,catherine51
934,matthew25
935,marisasmith
936,wardblake
937,stephenstewart
938,williamsdiane
939,morrisnicole
940,isabel10
941,smartinez
942,tamaradavis
943,bradleycharles
944,williamwood
945,alyssamyers
946,amanda41
947,bjohnson
948,johnsondonna
949,gdavis
950,schaefereileen
951,cgoodwin
952,lance77
953,samantha22
954,stephenmeza
955,samantha33
956,danielporter
957,dtaylor
958,mcmillanthomas
959,robertsalazar
960,brendanicholson
961,schroederjenny
962,sanfordmelinda
963,reyesmichael
964,moodymichael
965,mpowers
966,williamskent
967,ernestsanders
968,cindy02
969,ruizronald
970,contrerasjudith
971,weaverkathleen
972,ann26
973,charles59
974,omccoy
975,cranemaria
976,ryan69
977,martincarl
978,justin05
979,sarah49
980,steven53
981,julie48
982,howardvirginia
983,walterscatherine
984,vgreen
985,johnsonryan
986,jacksonlindsay
987,jeremiah73
988,cynthia63
989,heididouglas
990,yphelps
991,jennifer20
992,ryanmorse
993,beth38
994,briannash
995,allenbradley
996,campbellcaitlyn
997,thomaselliott
998,alan74
999,fernandodavis
1000,bonniecarter
1001,mlopez
1002,michael57
1003,kimpage
1004,michael59
1005,jenniferrobinson
1006,sanchezshannon
1007,joseph47
1008,ronald47
1009,tiffanyhansen
1010,paulglover
1011,cwright
1012,jamesgreen
1013,jenkinsbecky
1014,jonesangela
1015,tyler46
1016,theresaallen
1017,whiteheadteresa
1018,bscott
1019,andreabell
1020,daviddominguez
1021,louis76
1022,kennethperez
1023,davidschmidt
1024,kaitlinboyd
1025,meganschultz
1026,anthony74
1027,andersonkelsey
1028,ecarter
1029,cherylyoung
1030,lauren73
1031,jonathan61
1032,hinesjessica
1033,pknox
1034,carteradam
1035,tom55
1036,johngreene
1037,estradacarrie
1038,tinavillanueva
1039,scottmathis
1040,gmack
1041,xhodge
1042,mitchellsmith
1043,pkim
1044,jeffrey07
1045,bakerchristopher
1046,cameronamber
1047,allenchristy
1048,diane92
1049,smiller
1050,jeffrey03
1051,vincentgallagher
1052,mikaylagarcia
1053,rosestacie
1054,michael88
1055,jgoodwin
1056,robertthomas
1057,bakerpaul
1058,pamelamartin
1059,phillipsrodney
1060,theresamccormick
1061,skim
1062,bphillips
1063,briangibson
1064,njones
1065,mark20
1066,moralesmiranda
1067,anthony97
1068,david22
1069,jessicawilkerson
1070,millsjames
1071,christinedavis
1072,acevedojessica
1073,leealyssa
1074,katrina94
1075,hswanson
1076,laurielopez
1077,gharper
1078,kimberly19
1079,bruce28
1080,derekwhite
1081,donnamiller
1082,josephdickson
1083,nicholaspacheco
1084,rdavis
1085,jasonpatterson
1086,emily83
1087,stephanie79
1088,wintersolivia
1089,benjamin24
1090,johnsonmichael
1091,karenryan
1092,qmorales
1093,crosspedro
1094,ydavidson
1095,donaldmiranda
1096,pellison
1097,nataliesimpson
1098,chendrix
1099,jacksonangelica
1100,clairemendez
1101,maryhutchinson
1102,marissacline
1103,codyriley
1104,webbjavier
1105,campbelltodd
1106,jennifer11
1107,schwartzcathy
1108,yromero
1109,tannergina
1110,taylornatasha
1111,peterstravis
1112,millermark
1113,shawnwebster
1114,patrick85
1115,nsimmons
1116,randy90
1117,davissherry
1118,boonestephen
1119,katherineatkinson
1120,ileonard
1121,zstanton
1122,woodjoseph
1123,smithantonio
1124,xblack
1125,matthewmiller
1126,georgenavarro
1127,elliottmichael
1128,jeffreyjohnson
1129,fhunt
1130,markford
1131,melendezjillian
1132,tinarobinson
1133,shannonsnyder
1134,jennabaker
1135,tiffanyharris
1136,leonardrandall
1137,gordonlaurie
1138,jconway
1139,lauramiller
1140,trevor83
1141,carrjessica
1142,gouldjennifer
1143,todd01
1144,djohnson
1145,johnsondavid
1146,angela90
1147,johnsondiana
1148,msmith
1149,gillespierichard
1150,laura26
1151,taylormichael
1152,kirbyjeffrey
1153,elizabeth53
1154,pamelahurst
1155,griffithamanda
1156,jeffreyschmidt
1157,williamsdawn
1158,kim35
1159,wmathews
1160,kimberlyanderson
1161,richard31
1162,dbowen
1163,ppayne
1164,willie53
1165,atkinsvictoria
1166,allisonburke
1167,collinsseth
1168,sean29
1169,william86
1170,sandersandrea
1171,qdavid
1172,millsvictoria
1173,browneric
1174,joshua85
1175,ganderson
1176,phillipsnicholas
1177,samantha89
1178,rgarcia
1179,parkeralan
1180,jessicareed
1181,kristinamiller
1182,halechristopher
1183,bvincent
1184,karengraves
1185,millerkirk
1186,nancy04
1187,pchen
1188,kingnancy
1189,xmoore
1190,sharpapril
1191,imacdonald
1192,frankobrien
1193,mgreen
1194,hunterjohn
1195,john01
1196,ebrown
1197,amymercer
1198,tmeyers
1199,manuel89
1200,cynthia58
1201,hannahjohnson
1202,ericmiller
1203,uhill
1204,rjohnson
1205,samanthamoore
1206,matthewgriffin
1207,zjones
1208,jonathan62
1209,johnsonjames
1210,kevin38
1211,qpham
1212,bradley26
1213,hillpatrick
1214,brandi12
1215,nancy33
1216,cbrown
1217,powerserin
1218,jennifer90
1219,tracy42
1220,christopher46
1221,olsongloria
1222,mcbridejuan
1223,ablake
1224,nicole91
1225,jtucker
1226,ramossteven
1227,joseph38
1228,dalerodriguez
1229,christopherhicks
1230,jamesgarcia
1231,mendozaalejandra
1232,youngmelissa
1233,sarah75
1234,dwilliams
1235,richard01
1236,rwalters
1237,xcurry
1238,chad43
1239,keith07
1240,hannah90
1241,jessicamartin
1242,cameronandrew
1243,colleen94
1244,bpadilla
1245,april43
1246,julia16
1247,ameyers
1248,davidmartin
1249,jeanettestout
1250,ygonzales
1251,lauren53
1252,dianabeard
1253,margaretbell
1254,colleen80
1255,cohenbenjamin
1256,wnichols
1257,mcgrathjay
1258,tapialindsay
1259,michaeltorres
1260,davidsteele
1261,ericrice
1262,jenniferpayne
1263,bwilliams
1264,clarkclaire
1265,murphykaren
1266,alicialong
1267,jamesnelson
1268,zsmith
1269,carrclifford
1270,matthew26
1271,walkerrichard
1272,pmartinez
1273,gonzalezjohn
1274,williamrodriguez
1275,lsteele
1276,jamesloretta
1277,grahamsarah
1278,angelaacevedo
1279,joseph12
1280,lisa53
1281,yhunter
1282,ewatson
1283,wrightrobert
1284,rebecca98
1285,kristinhart
1286,pwebb
1287,abullock
1288,wkrueger
1289,fashley
1290,johnathan08
1291,lcarlson
1292,javier20
1293,restes
1294,lindseymiller
1295,katherinesmith
1296,mitchellmoore
1297,sarabowman
1298,tracy13
1299,ashleynguyen
1300,msanchez
1301,ruben42
1302,joshuawhite
1303,bethholmes
1304,hamiltondavid
1305,rosarioshane
1306,taylordavid
1307,daniel05
1308,hwright
1309,tara40
1310,evansdiana
1311,pamelabeck
1312,justinsimpson
1313,travis33
1314,ian55
1315,samuel57
1316,jbarajas
1317,escobarleah
1318,garciapatricia
1319,lisa27
1320,matthew07
1321,xbrown
1322,thompsonamanda
1323,cjohnson
1324,joshuamiranda
1325,steveschmidt
1326,jwiley
1327,connie17
1328,lauramarsh
1329,tammy32
1330,adamsscott
1331,nichole07
1332,omcguire
1333,kellyleah
1334,michelle94
1335,danielleweaver
1336,gregoryhanson
1337,kylejohnson
1338,sharongonzalez
1339,sandersderek
1340,kathleen09
1341,matthew54
1342,lindadavis
1343,yfreeman
1344,webbdanielle
1345,rhill
1346,robert74
1347,brandonfoley
1348,teresa40
1349,parsonsadam
1350,gmiranda
1351,ljones
1352,christiankurt
1353,fshepard
1354,reginaldrussell
1355,wilsonkimberly
1356,wagnerjohn
1357,nsimpson
1358,sblack
1359,ashley25
1360,nmartin
1361,travis44
1362,erica38
1363,davidschwartz
1364,elizabeth15
1365,lindsey69
1366,wcampbell
1367,valeriewarner
1368,tonya43
1369,kimberly97
1370,kathleen48
1371,charding
1372,hardyrobin
1373,hortonheather
1374,seth50
1375,fphillips
1376,thompsonaaron
1377,santiagomanuel
1378,brittanymoore
1379,jrollins
1380,bonnie03
1381,vbowers
1382,elizabethlopez
1383,amber10
1384,hwilliams
1385,eric66
1386,alex48
1387,rcarlson
1388,larakevin
1389,monica12
1390,hsmith
1391,gsmith
1392,jacquelinejoseph
1393,lunaalison
1394,nharris
1395,anthonydavis
1396,bergerjennifer
1397,rnguyen
1398,wrightchristian
1399,tiffanyfranklin
1400,bishopdonna
1401,amiller
1402,janet82
1403,mooreangela
1404,xstewart
1405,ymatthews
1406,smithjessica
1407,lisatrevino
1408,howardmelissa
1409,stevenanderson
1410,lpowell
1411,swansonandres
1412,evan48
1413,carrietorres
1414,gallegosshawn
1415,katrina55
1416,jessicabarry
1417,christopher58
1418,candace21
1419,catherine76
1420,tvelasquez
1421,pattersonchristina
1422,elizabethmedina
1423,jeannebryant
1424,mglover
1425,zacharygomez
1426,ramoskelly
1427,tnguyen
1428,stevenvasquez
1429,chambersphilip
1430,diana17
1431,anthony32
1432,kellyhuang
1433,jeffrey80
1434,jlee
1435,schristensen
1436,moorelauren
1437,sandersscott
1438,brianbrown
1439,stevenscarrie
1440,carrillotanya
1441,zrowland
1442,bryanduarte
1443,williamblake
1444,william43
1445,denisejones
1446,isaac46
1447,brandonbryant
1448,keithschneider
1449,btaylor
1450,combsphillip
1451,matthewgonzales
1452,elliottjames
1453,bbrown
1454,wrighttamara
1455,lisa29
1456,andrebrown
1457,martineznatasha
1458,robertsonkimberly
1459,williamskatherine
1460,isabellee
1461,fjones
1462,alexandergonzales
1463,cwhite
1464,bowmanrandall
1465,anne83
1466,anthony28
1467,michaelramos
1468,martinezbryan
1469,blackraymond
1470,brendanwilson
1471,erinwilliams
1472,oconley
1473,vmontes
1474,knelson
1475,farmergarrett
1476,kwagner
1477,ljohnson
1478,willisgrant
1479,amueller
1480,robertjohnston
1481,philip25
1482,sdavis
1483,elizabethsuarez
1484,padillaeric
1485,lwright
1486,framirez
1487,kwarren
1488,urivera
1489,riosjames
1490,hthomas
1491,careyanna
1492,yriley
1493,ryan99
1494,zacharybenitez
1495,maldonadoscott
1496,staceystewart
1497,kylerodriguez
1498,wilsoncarlos
1499,smithmichael
1500,adam98
1501,nfriedman
1502,debra50
1503,dawsonamanda
1504,andersonbeth
1505,randall97
1506,susan43
1507,medinachristopher
1508,carolyn88
1509,andreasimpson
1510,samantha83
1511,mharris
1512,andreastanley
1513,robert75
1514,johnsonjeffrey
1515,bharmon
1516,joseph56
1517,catherineanderson
1518,fpalmer
1519,caselisa
1520,taylor73
1521,stephanie86
1522,brenda06
1523,kwells
1524,virginia40
1525,andersenmichael
1526,garciasteven
1527,virginiabates
1528,burnsjason
1529,alexisbaker
1530,diana37
1531,lowejames
1532,nicoleallen
1533,joshuayoung
1534,laurencline
1535,nancydavis
1536,robertmorales
1537,diamond43
1538,juliemathis
1539,donaldpowell
1540,woodelizabeth
1541,phillipsmith
1542,reginabishop
1543,khawkins
1544,goodmanterri
1545,justin96
1546,robin52
1547,lmorales
1548,nealwhitney
1549,hannah02
1550,glen37
1551,huangrobin
1552,rachelrosario
1553,xjackson
1554,rmartinez
1555,xpatton
1556,williamcontreras
1557,michaelgonzalez
1558,hornemichael
1559,charlene85
1560,srowe
1561,hharris
1562,traviswatson
1563,rcollins
1564,hrose
1565,reedbrandi
1566,whitejennifer
1567,edward70
1568,cdavis
1569,mitchelldeborah
1570,karen91
1571,saranelson
1572,brownolivia
1573,jacqueline90
1574,wmartinez
1575,brownjames
1576,alyssanewton
1577,smithgeorge
1578,edward87
1579,christinejones
1580,adam79
1581,wgentry
1582,grobinson
1583,dtucker
1584,hooddiana
1585,caldwellshelly
1586,james08
1587,yboyd
1588,shickman
1589,sarah93
1590,charles80
1591,ashleyjimenez
1592,davisherbert
1593,leahjohnson
1594,dana74
1595,amberdavies
1596,jennamendoza
1597,gina34
1598,elizabethvazquez
1599,tinarowe
1600,alawrence
1601,echarles
1602,jack57
1603,smithjohn
1604,duncanmeagan
1605,sanchezshirley
1606,fhicks
1607,nguyenjeremy
1608,rosetami
1609,mcarrillo
1610,nsanchez
1611,millerbrian
1612,robertokennedy
1613,qramirez
1614,daniel84
1615,fischerkathleen
1616,christopher58
1617,mark35
1618,rosarioamy
1619,ewang
1620,kimberlyrussell
1621,dominic05
1622,cwilkerson
1623,francojames
1624,sarabates
1625,mariah93
1626,elizabeth54
1627,saraherickson
1628,tsanders
1629,lward
1630,mcrawford
1631,ericarichardson
1632,cynthiamitchell
1633,alvarezcarol
1634,wileyjoy
1635,mikephillips
1636,robertfowler
1637,daisy21
1638,davidjohnson
1639,martinlisa
1640,lukeknapp
1641,linda13
1642,wagnertimothy
1643,jonesalice
1644,curryashlee
1645,msmith
1646,murphycarol
1647,michaellopez
1648,perezsophia
1649,rcook
1650,jbrown
1651,cweiss
1652,ryanjennifer
1653,wwilliams
1654,osbornerobert
1655,qrobinson
1656,elizabethflynn
1657,crystalpeterson
1658,kevin38
1659,sherry85
1660,tylermartinez
1661,watsonelizabeth
1662,brooksduane
1663,xvega
1664,johnramirez
1665,greenealexander
1666,samanthahuff
1667,lauren54
1668,iblake
1669,franciswilliam
1670,kiarabrown
1671,ibright
1672,omar06
1673,justin31
1674,melissa96
1675,cunninghammichael
1676,maynardbethany
1677,dyerjeffery
1678,michellerowe
1679,kclark
1680,eric15
1681,dianecordova
1682,valeriestone
1683,vevans
1684,hannah02
1685,shelly96
1686,jtaylor
1687,griffinamy
1688,cindy65
1689,jacob88
1690,logan74
1691,ksmith
1692,francischristine
1693,helensmith
1694,joeperkins
1695,kimberly94
1696,johnsonjessica
1697,dylanbarker
1698,pamela96
1699,kylehale
1700,tammynorris
1701,ucannon
1702,figueroadouglas
1703,brianareid
1704,daniel40
1705,jose75
1706,anthonywebb
1707,kennethfreeman
1708,bethanyberry
1709,michaelfrancis
1710,christina92
1711,hernandezerin
1712,ilane
1713,williamblair
1714,arnoldshaun
1715,davisjose
1716,brookedunn
1717,vgoodwin
1718,mataphilip
1719,gperry
1720,stephanie47
1721,greenjeremy
1722,joshua37
1723,sandra53
1724,alvaradodaniel
1725,christopherhaas
1726,ericparsons
1727,jasonallen
1728,tbailey
1729,melissagill
1730,uoliver
1731,xcooper
1732,keith25
1733,jacqueline96
1734,lisa87
1735,thomaswilliams
1736,vpace
1737,kathrynreid
1738,vjohnson
1739,melissa96
1740,cynthiabaker
1741,pcase
1742,bcoleman
1743,mward
1744,jasminecontreras
1745,jeffreysweeney
1746,kellysalazar
1747,watsonapril
1748,turnerheather
1749,nathancampbell
1750,baileyjudith
1751,michelleflowers
1752,rebecca49
1753,ramosdanielle
1754,schultzstacy
1755,mweeks
1756,traceyjames
1757,fmatthews
1758,millerkeith
1759,pattersontammy
1760,davidbright
1761,ywyatt
1762,janice20
1763,mperkins
1764,alison88
1765,johnliu
1766,clarkjoseph
1767,todd07
1768,shawnbryant
1769,psullivan
1770,zgrant
1771,paul99
1772,dfowler
1773,sarah72
1774,xjacobs
1775,victoria23
1776,gina27
1777,bennettstephanie
1778,zsmith
1779,caitlyn54
1780,zspears
1781,katherine93
1782,daughertychristopher
1783,smithemily
1784,brandy30
1785,austingary
1786,jeffery35
1787,evansdiane
1788,millerbrittney
1789,sanderson
1790,samuel76
1791,mary51
1792,zwilson
1793,yolanda12
1794,holmesrandy
1795,mooneydaniel
1796,pmoore
1797,ruizcharles
1798,natashabell
1799,hallevelyn
1800,lisarogers
1801,gallagherwilliam
1802,stephanie08
1803,thomasjuan
1804,pbrennan
1805,xbishop
1806,rickyfisher
1807,ashley20
1808,zsanchez
1809,pachecodeborah
1810,samantha86
1811,millermichael
1812,melindamann
1813,waltoncurtis
1814,rebecca16
1815,christopher63
1816,stephenssusan
1817,floresryan
1818,yangkimberly
1819,margaretgarcia
1820,hernandezdavid
1821,wmann
1822,kennethallen
1823,foxtodd
1824,fbowers
1825,juan03
1826,whitethomas
1827,gloria05
1828,carlsonkimberly
1829,zlowe
1830,dhurley
1831,igraham
1832,scaldwell
1833,zachary29
1834,gailrogers
1835,alejandrajohnson
1836,tgibson
1837,kaylee83
1838,matthew40
1839,rachellowery
1840,rhonda02
1841,mariestephens
1842,hodgemichael
1843,james59
1844,xpatel
1845,jeremy45
1846,jillknapp
1847,patricia19
1848,hopkinslorraine
1849,stacy22
1850,xbrown
1851,smithkristin
1852,rbryant
1853,jeremy91
1854,ywaters
1855,scottsandoval
1856,parkercaroline
1857,ronald25
1858,williamswilliam
1859,charlesblackwell
1860,reedchristine
1861,katie01
1862,zacharydavis
1863,alyssaglenn
1864,elizabethmccarthy
1865,qmoreno
1866,danderson
1867,ediaz
1868,jeffery74
1869,elewis
1870,donna89
1871,shale
1872,waltonrachel
1873,iberg
1874,barbara02
1875,alexis32
1876,haynesdebra
1877,kathrynwalker
1878,kaitlynnelson
1879,kimmartin
1880,barbarabrooks
1881,karlapadilla
1882,huntersteven
1883,william00
1884,nicolejones
1885,obrock
1886,montgomeryrobert
1887,rachelrose
1888,fclements
1889,youngelaine
1890,jessica71
1891,gonzalescarl
1892,vlopez
1893,rodriguezchristopher
1894,parrishronald
1895,markwyatt
1896,kjohnston
1897,briannadavis
1898,brittanygreene
1899,melissa39
1900,sarahbecker
1901,ibrown
1902,williamssteven
1903,khoward
1904,bruce34
1905,elarson
1906,lopezstephanie
1907,ryan72
1908,michellegray
1909,tuckererica
1910,robert17
1911,douglasmiller
1912,rachel78
1913,christiangarcia
1914,carlyvargas
1915,paula42
1916,audreywilliams
1917,tyler75
1918,scottjohn
1919,justinpierce
1920,jeffery71
1921,kristineterry
1922,cmoore
1923,choward
1924,jeffrey35
1925,nashashley
1926,patty33
1927,mpowell
1928,bradleysullivan
1929,schneiderkimberly
1930,dillonrebecca
1931,bradley23
1932,zachary28
1933,zblackburn
1934,alan25
1935,ejones
1936,martinandrew
1937,donaldwilliams
1938,frederickwalker
1939,pbarker
1940,sandra09
1941,perryjill
1942,nelsonmonique
1943,stephaniehickman
1944,cindy21
1945,wallacetheresa
1946,sandramitchell
1947,kellygilmore
1948,matthew77
1949,kmoreno
1950,fullersandy
1951,yvettepark
1952,craig34
1953,woodmonique
1954,miguel22
1955,dwaynelittle
1956,nhall
1957,larsonandrea
1958,andreadaniel
1959,sking
1960,raymond19
1961,hwilliams
1962,michelle77
1963,cwilliams
1964,wshaw
1965,christopherblanchard
1966,torrescrystal
1967,doylecody
1968,leekristi
1969,zmartin
1970,gpratt
1971,hernandezjulie
1972,ricky96
1973,alanlopez
1974,kathrynjohnson
1975,bryancarlson
1976,josephblair
1977,smithanna
1978,bowenjennifer
1979,adamspeter
1980,twolfe
1981,pricelisa
1982,ashley44
1983,oconley
1984,danaaguilar
1985,cgutierrez
1986,asilva
1987,watsonmelissa
1988,david45
1989,zjohnson
1990,charlesarellano
1991,matthew22
1992,melissaharris
1993,martineztara
1994,alexanderhill
1995,ashleybrown
1996,csnyder
1997,jerome18
1998,pettyandrea
1999,lelliott
2000,maryhicks
2001,johnsonchristopher
2002,salazarmaria
2003,eric64
2004,nrodriguez
2005,kendra81
2006,xtaylor
2007,bhenderson
2008,robert40
2009,bkerr
2010,ihoffman
2011,harrischarles
2012,david85
2013,lsmith
2014,lmacdonald
2015,hornemichael
2016,josephgardner
2017,haley20
2018,dawn62
2019,ehaynes
2020,griffinryan
2021,vgrimes
2022,paulwilson
2023,pamallen
2024,sallyhartman
2025,xholloway
2026,allisoncline
2027,poliver
2028,ellishannah
2029,allenmarcus
2030,brownjeffrey
2031,esmith
2032,wilsonstephanie
2033,steven85
2034,nicholas96
2035,andersonjordan
2036,christianrobinson
2037,ifigueroa
2038,singhbrooke
2039,ckim
2040,carmenknapp
2041,velezdean
2042,shannon82
2043,carlsondorothy
2044,zhangsandra
2045,elizabethbrown
2046,tkelly
2047,jamesramsey
2048,qgallegos
2049,mitchellkathryn
2050,rachelbarnes
2051,qdavid
2052,tnelson
2053,goodmanmary
2054,cheyenne05
2055,derrick09
2056,zbrown
2057,clarktonya
2058,drollins
2059,whitenathan
2060,davisnicole
2061,leebishop
2062,kimberlyanderson
2063,conleyheather
2064,navarrodrew
2065,johnfranklin
2066,rachelbird
2067,dustinhernandez
2068,vargasmichael
2069,glovervanessa
2070,njimenez
2071,davisnicholas
2072,davisjessica
2073,hollowaymakayla
2074,vmccall
2075,ericfernandez
2076,tamarajimenez
2077,pearsonamanda
2078,gsandoval
2079,whitekimberly
2080,rachelsandoval
2081,englishstacy
2082,jessicamiranda
2083,burgesskendra
2084,jessica46
2085,hking
2086,michelesmith
2087,richard57
2088,wilsonlisa
2089,monicasmith
2090,mcdonaldshannon
2091,zunigajohn
2092,andersonjoanna
2093,flowersjason
2094,ggreen
2095,umiller
2096,wongbryan
2097,dianarivera
2098,nicholasjordan
2099,marywilson
2100,bjohnson
2101,vpalmer
2102,mgalvan
2103,stacey39
2104,jacqueline32
2105,jmaxwell
2106,jessicalowe
2107,kbranch
2108,patelphilip
2109,william25
2110,austinallen
2111,eric83
2112,lynchaaron
2113,glennfowler
2114,michaelgarza
2115,brucehall
2116,trevinosandra
2117,catherine21
2118,hudsontaylor
2119,tabitha84
2120,tinakelly
2121,austin33
2122,david86
2123,bryanmoreno
2124,ellisjodi
2125,robertsmichael
2126,colton95
2127,yallen
2128,raven23
2129,caitlinromero
2130,farmerjuan
2131,haroldgarcia
2132,williamsjoseph
2133,nrodriguez
2134,sandersjessica
2135,sethwebb
2136,jerry28
2137,egregory
2138,ruizcory
2139,ibranch
2140,atanner
2141,cynthia19
2142,mccormickcorey
2143,deleoncourtney
2144,gallegosjoseph
2145,josephfox
2146,ogarcia
2147,john11
2148,qwhitaker
2149,ntownsend
2150,zachary73
2151,anthony32
2152,troyhudson
2153,nphillips
2154,lovejames
2155,hcampbell
2156,torreselizabeth
2157,longzachary
2158,hicksjames
2159,chad71
2160,holly62
2161,robert28
2162,brewersteven
2163,sanchezrita
2164,alexandra06
2165,allen95
2166,alexandermorris
2167,anthonyflores
2168,morrisonashley
2169,fward
2170,coxabigail
2171,abrown
2172,mluna
2173,bmartinez
2174,adennis
2175,melissa17
2176,jaredmorales
2177,cheryl00
2178,kiddmegan
2179,michael74
2180,timothy04
2181,ramirezangela
2182,kevin78
2183,staylor
2184,jamesamber
2185,brandiromero
2186,christopher48
2187,treyes
2188,lorihernandez
2189,iespinoza
2190,christina63
2191,justin85
2192,icampbell
2193,fisherchristopher
2194,lisahanson
2195,erinrobinson
2196,hschultz
2197,fphillips
2198,phughes
2199,sandracardenas
2200,vhuang
2201,scott53
2202,jose72
2203,melvin96
2204,iharrison
2205,hyoung
2206,travisbrown
2207,carrie23
2208,samantharodriguez
2209,gilesjason
2210,darrengutierrez
2211,emma95
2212,fharris
2213,michaelwoods
2214,johnsondawn
2215,nwoodward
2216,hsheppard
2217,jenniferflynn
2218,millerjames
2219,ronaldwalker
2220,christinevelasquez
2221,blake78
2222,tracey01
2223,dholt
2224,wilkinsvictoria
2225,stephanie16
2226,codycrawford
2227,edwardsmichelle
2228,stonejoshua
2229,carlafrederick
2230,matthewatkinson
2231,jasonmartinez
2232,fperez
2233,trankaren
2234,youngcrystal
2235,smithdiane
2236,amber04
2237,andrea55
2238,michael94
2239,xcox
2240,devans
2241,gomezkaren
2242,matthew77
2243,thompsonjennifer
2244,patrickpatterson
2245,matthew05
2246,tsoto
2247,walkersarah
2248,peter35
2249,gina14
2250,watsonbradley
2251,xbrady
2252,taylorheather
2253,fernandezmichael
2254,ryan28
2255,jordanmatthew
2256,gibsonisabella
2257,serranocesar
2258,rebecca64
2259,dixonsharon
2260,andrea68
2261,qsanchez
2262,ybell
2263,mhughes
2264,kyle93
2265,lovestephanie
2266,yday
2267,martinrobert
2268,hwhite
2269,wendydiaz
2270,mason16
2271,cameron65
2272,uwarren
2273,msellers
2274,qanderson
2275,tchandler
2276,mthomas
2277,ramirezlaura
2278,martinezlarry
2279,andrew72
2280,williamseric
2281,mfischer
2282,juliaswanson
2283,wernerdennis
2284,cfloyd
2285,lynndavis
2286,vcastillo
2287,rogersmatthew
2288,kristinsanders
2289,qwatson
2290,codysmith
2291,robert27
2292,hdonovan
2293,vguerrero
2294,michaeljohnson
2295,carrlacey
2296,kaylascott
2297,sandrawalsh
2298,zjackson
2299,wilsonconnie
2300,sarahmiller
2301,gregorysullivan
2302,fisherlisa
2303,jennifernichols
2304,iavery
2305,joshuageorge
2306,traviscoleman
2307,langdiane
2308,richard42
2309,leemelissa
2310,chloe22
2311,martinezscott
2312,larsondawn
2313,mezachristine
2314,stacey01
2315,vduffy
2316,jessicamaddox
2317,garrettcrane
2318,crobinson
2319,hwilliams
2320,daniel94
2321,montgomerymonica
2322,chad35
2323,smithrichard
2324,nknox
2325,christopher51
2326,christian98
2327,vwatson
2328,kbishop
2329,fspears
2330,elizabethburke
2331,jamesgonzalez
2332,josephvasquez
2333,yblankenship
2334,anthony63
2335,annathomas
2336,iware
2337,trussell
2338,bradykelly
2339,swansonjaclyn
2340,reeddoris
2341,tyler43
2342,margaretjones
2343,glopez
2344,oclark
2345,pwise
2346,rhorton
2347,trevor44
2348,shawnbrandt
2349,christopher79
2350,stephanie40
2351,christina50
2352,tammy52
2353,kathleen73
2354,garciadavid
2355,snyderjoel
2356,trevor16
2357,rachelchoi
2358,valdezmelissa
2359,snyderjames
2360,anthony17
2361,padillajacob
2362,williamjennings
2363,nhernandez
2364,george26
2365,bschaefer
2366,ogordon
2367,shieldsantonio
2368,johnstonashley
2369,khanrobert
2370,margaret19
2371,phyllisbass
2372,wjackson
2373,katherinewolfe
2374,dorisdavenport
2375,tracygarcia
2376,stewartjustin
2377,sheila38
2378,randy05
2379,umorse
2380,jerome76
2381,myersgeorge
2382,ccoleman
2383,ruizsteven
2384,csimpson
2385,thorntonjeremy
2386,stephanie39
2387,bakerangela
2388,eflores
2389,shaun62
2390,sjohnson
2391,campbellcynthia
2392,brivera
2393,tkhan
2394,michael64
2395,masoncarrie
2396,nicole82
2397,mooresherry
2398,holmestara
2399,francisco15
2400,troyspence
2401,annanelson
2402,vcastillo
2403,kimberly02
2404,lhenderson
2405,justinlove
2406,brendarobinson
2407,patrick81
2408,omitchell
2409,erin58
2410,hamiltonbrandon
2411,cnixon
2412,sheltonemily
2413,fshelton
2414,matthewbullock
2415,lori28
2416,aolson
2417,simmonsamber
2418,jenniferwilkerson
2419,meganbryant
2420,vroberts
2421,pwest
2422,alejandra93
2423,ithomas
2424,vargaspam
2425,njackson
2426,michaelmckinney
2427,jpearson
2428,sandersjason
2429,michelle50
2430,nicolegarcia
2431,andersenelizabeth
2432,ghernandez
2433,kgeorge
2434,bethany84
2435,whitevictoria
2436,olsonmario
2437,ghodge
2438,nguyensteven
2439,tyler05
2440,fgrant
2441,gsavage
2442,johnspaul
2443,michaelcrawford
2444,preynolds
2445,garywade
2446,rodriguezheather
2447,hnovak
2448,petersjulie
2449,elizabeththompson
2450,ulee
2451,regina56
2452,bruce81
2453,angelamonroe
2454,fordsteven
2455,kchavez
2456,kristimiranda
2457,crystalkennedy
2458,steventorres
2459,connie18
2460,kyork
2461,paulharvey
2462,llong
2463,jimenezeileen
2464,rachel99
2465,christopherwolfe
2466,donald71
2467,robertsjeffery
2468,rperry
2469,tararuiz
2470,mpeck
2471,isutton
2472,zharris
2473,bthomas
2474,robert74
2475,hreyes
2476,tiffany90
2477,blopez
2478,erikahuang
2479,abigail28
2480,apetersen
2481,james64
2482,uevans
2483,karenriley
2484,heathersimpson
2485,joseph21
2486,brettlee
2487,jackson16
2488,qbecker
2489,zreid
2490,jchurch
2491,harryescobar
2492,goldenbrandy
2493,monicabautista
2494,samantha20
2495,hansenthomas
2496,ericaatkinson
2497,pricemiguel
2498,debrareyes
2499,shieldsjason
2500,emeyer
2501,itrevino
2502,clarkjeffery
2503,sarah71
2504,maureen24
2505,lindabishop
2506,nicholas39
2507,smithterri
2508,ryan93
2509,mary22
2510,amanda52
2511,guerrerovanessa
2512,greenchristina
2513,campbellrichard
2514,srasmussen
2515,warrenchristopher
2516,imitchell
2517,daniellephillips
2518,quinnmark
2519,atkinsonjohn
2520,wjohnston
2521,mcastillo
2522,cabrerajustin
2523,john36
2524,patriciabryant
2525,turnerjasmin
2526,rdrake
2527,ebonywest
2528,wfernandez
2529,reginald84
2530,longsean
2531,john31
2532,jmontgomery
2533,moyerevan
2534,colemanalex
2535,kellerangela
2536,nhanson
2537,lindsay24
2538,osandoval
2539,kimberlyhuerta
2540,carljohnson
2541,ellisnathan
2542,diazkristy
2543,karen58
2544,allisonrivera
2545,christopher77
2546,amy41
2547,april98
2548,zsolomon
2549,colonjennifer
2550,stuartjames
2551,randybell
2552,glenn35
2553,jerry90
2554,kevin15
2555,williamsleah
2556,cochranpatrick
2557,brittneyreed
2558,khamilton
2559,hudsonlindsay
2560,hoffmanbrian
2561,fischeralex
2562,wilsonjesse
2563,duncanpamela
2564,joneschristine
2565,hpowell
2566,benjaminlaura
2567,mrice
2568,wosborn
2569,elizabeth55
2570,priscilla15
2571,sydneygrant
2572,ambersalas
2573,brandonjones
2574,npadilla
2575,zsantos
2576,steven95
2577,zmcclure
2578,williamgarcia
2579,hendersonlisa
2580,matthew13
2581,laura11
2582,dennismoran
2583,wdunlap
2584,mistywhite
2585,chelsea56
2586,cynthiacain
2587,srios
2588,megan15
2589,tina12
2590,kelleyamanda
2591,garciamark
2592,choward
2593,paynekevin
2594,troycarter
2595,lauren05
2596,newmanmichael
2597,hnorris
2598,leconnie
2599,davidalvarez
2600,hbishop
2601,danielserrano
2602,qbush
2603,pwood
2604,vmacias
2605,nancyfreeman
2606,michael33
2607,hillmadison
2608,kaitlynrichardson
2609,erikthompson
2610,cooleymaria
2611,rsanford
2612,hartbrittany
2613,johnstonedward
2614,bfranklin
2615,hamptonmaria
2616,marksmith
2617,courtney04
2618,omoran
2619,rodrigueznancy
2620,astrong
2621,jeremynichols
2622,tchang
2623,kevin05
2624,sryan
2625,stephanieyates
2626,brianmunoz
2627,pauljohnson
2628,alexandria88
2629,igraham
2630,johnstonbrenda
2631,shirleywilson
2632,rhanson
2633,keithanderson
2634,reyesbrianna
2635,ericgarcia
2636,cleonard
2637,robert04
2638,whines
2639,zgonzalez
2640,kimberlykent
2641,katrina30
2642,xcalhoun
2643,gainesmichael
2644,darrellsmith
2645,lisa38
2646,marquezmichelle
2647,moorepatricia
2648,theresaspence
2649,srodriguez
2650,timothyshaw
2651,allen02
2652,torresjacob
2653,daryl44
2654,briggsjoseph
2655,davidcrawford
2656,nataliemartinez
2657,foxrobert
2658,qrodriguez
2659,rebeccamccoy
2660,seanjones
2661,xwall
2662,michelle89
2663,dakota51
2664,hgreen
2665,awalker
2666,bryantsteven
2667,lindsey71
2668,davidsmith
2669,brooksjesse
2670,llopez
2671,jwinters
2672,joshuastafford
2673,granttricia
2674,owensfrank
2675,etorres
2676,upotter
2677,amandamiller
2678,robin39
2679,lweaver
2680,jonathanweber
2681,saraboyer
2682,campbellmatthew
2683,bjohnson
2684,lauren51
2685,marissaglenn
2686,mccallashley
2687,cory50
2688,julie38
2689,sawyerjulie
2690,kevinwilliams
2691,crawforddaryl
2692,thomas21
2693,antonio54
2694,bkelly
2695,taylorkaren
2696,darlenelynn
2697,jasminerichardson
2698,jay93
2699,vdavis
2700,harrissamantha
2701,annedavis
2702,mark23
2703,mitchelljerry
2704,powellphyllis
2705,rgutierrez
2706,brittanygordon
2707,harperfred
2708,jonathanwood
2709,kenneth72
2710,rogersamy
2711,josevasquez
2712,kelsey17
2713,mitchellamy
2714,charles52
2715,gouldwilliam
2716,bairdmackenzie
2717,thomas15
2718,edward38
2719,uwilliams
2720,myersamy
2721,tgonzalez
2722,smiththomas
2723,averyjustin
2724,hpaul
2725,timothy72
2726,burnssamantha
2727,bishopmonica
2728,kevin69
2729,bonillascott
2730,jasonjackson
2731,bowmancaroline
2732,sandersdavid
2733,dsummers
2734,maria94
2735,jacob59
2736,brownedward
2737,huangcarolyn
2738,ryan12
2739,matthew34
2740,alexmcgee
2741,yoderthomas
2742,guerrerolaura
2743,moorecarolyn
2744,nicole33
2745,cobberika
2746,shawn60
2747,susanmiller
2748,kimberly68
2749,eedwards
2750,sandra09
2751,wtaylor
2752,huynhemily
2753,jackie33
2754,wagneranna
2755,nathanielbarnes
2756,smitheric
2757,proctorbrian
2758,thompsonrobert
2759,wvalentine
2760,brittany99
2761,kerrismith
2762,benitezhannah
2763,sandovaltracy
2764,jamesclark
2765,catherine09
2766,brianjenkins
2767,edwardhampton
2768,josephlopez
2769,buchanandaniel
2770,dustin12
2771,kimberlyclarke
2772,paul87
2773,fbrown
2774,smithkathleen
2775,jefferyromero
2776,courtneycastillo
2777,dennis75
2778,hwilliams
2779,littledavid
2780,xfrost
2781,kevin31
2782,dlawrence
2783,rbenson
2784,zrice
2785,kathrynbentley
2786,kentandrew
2787,joyhopkins
2788,deandaniels
2789,jessegardner
2790,evelynhall
2791,tammyjohnson
2792,luiswilliamson
2793,alexandra98
2794,imorris
2795,gshah
2796,nford
2797,ryanflores
2798,michellemiller
2799,deanna71
2800,hernandezjared
2801,emann
2802,angel74
2803,robinsonashley
2804,dylanfisher
2805,xrussell
2806,jyoung
2807,martinthomas
2808,vincent67
2809,hillvicki
2810,alyssaharvey
2811,ericklein
2812,kevinfarmer
2813,johnsonjohnathan
2814,rachelgonzales
2815,allison75
2816,griffinangela
2817,johnsullivan
2818,ashley25
2819,hmarquez
2820,lori35
2821,hoodjames
2822,ruben81
2823,jthompson
2824,hthomas
2825,cperry
2826,coryrusso
2827,emilysampson
2828,alex92
2829,whiteapril
2830,barrettpaul
2831,hlowe
2832,sydneyboone
2833,carol11
2834,qwillis
2835,donald82
2836,floreskimberly
2837,jacobcarter
2838,mary14
2839,bartlettjay
2840,sevans
2841,scottevans
2842,hwillis
2843,ubrown
2844,john77
2845,mary81
2846,nicole40
2847,christopher97
2848,yscott
2849,muellercharles
2850,ortegamelanie
2851,tsoto
2852,pughsherri
2853,yweaver
2854,mark02
2855,bennettchad
2856,bward
2857,josephgutierrez
2858,masonstefanie
2859,ogreen
2860,rosemoss
2861,tamidominguez
2862,lopezharold
2863,brandon93
2864,ljohnson
2865,michaela04
2866,coreysnyder
2867,brooke86
2868,angelacunningham
2869,vickiethomas
2870,tony97
2871,rachaelsmith
2872,qkramer
2873,millercharles
2874,jsmith
2875,yclarke
2876,johnsonrobert
2877,greenmichael
2878,carterkaren
2879,nicholascooper
2880,rhonda50
2881,btran
2882,qmartin
2883,crystal81
2884,ortegajames
2885,jared96
2886,mcfarlandjoseph
2887,kennedyjohn
2888,mariaduncan
2889,slester
2890,delgadolisa
2891,pford
2892,hollyball
2893,nanderson
2894,jerrymolina
2895,rick86
2896,jlong
2897,jimenezerin
2898,juanbullock
2899,christopher45
2900,yalvarez
2901,zanderson
2902,anunez
2903,hallchristopher
2904,smithdana
2905,tyler03
2906,ewhite
2907,twest
2908,lfreeman
2909,zmontgomery
2910,shane97
2911,michaelking
2912,lbeck
2913,xbradshaw
2914,kennetharmstrong
2915,coreywong
2916,matthewwhite
2917,richard71
2918,johnsonlisa
2919,gelliott
2920,darryl78
2921,danielrobinson
2922,spencerjones
2923,ortizteresa
2924,leon37
2925,lcordova
2926,tlam
2927,beckermackenzie
2928,travis25
2929,rdixon
2930,davidmendoza
2931,ricky86
2932,susanhowe
2933,chanthomas
2934,kforbes
2935,regina47
2936,gregoryhernandez
2937,zwood
2938,bowenamber
2939,uswanson
2940,tsmith
2941,knightharold
2942,pwhitaker
2943,yprice
2944,ecortez
2945,pamelaburke
2946,kmartinez
2947,nicole79
2948,michaelbaker
2949,grimesamanda
2950,laura93
2951,kayla05
2952,nunezerin
2953,keithwalker
2954,jordanchristine
2955,rkeith
2956,alexanderperry
2957,qhodges
2958,wrightgeorge
2959,tjones
2960,garylane
2961,deborah69
2962,matthewhartman
2963,juliemitchell
2964,bgonzalez
2965,corey23
2966,steven90
2967,yelliott
2968,hrandall
2969,kwillis
2970,justingreen
2971,bgray
2972,donald10
2973,dcobb
2974,xjacobson
2975,sergio12
2976,christine09
2977,kerrbryan
2978,michaelmadden
2979,joannabenitez
2980,mirandaandrew
2981,sanchezpaul
2982,mayojenna
2983,jennifer80
2984,novakjudy
2985,alindsey
2986,bkim
2987,billreed
2988,kyle41
2989,bakertonya
2990,sandrews
2991,ashleysexton
2992,garyhendrix
2993,kristina27
2994,kenneth47
2995,meaganbrown
2996,hallandrew
2997,garycox
2998,elizabethprince
2999,zsampson
3000,alicia41
3001,chaneytravis
3002,jerry20
3003,victoria18
3004,samanthagriffin
3005,matthew18
3006,vjackson
3007,yallen
3008,johnsonpatrick
3009,xcox
3010,rcarlson
3011,maria79
3012,qcross
3013,christopherwhite
3014,david81
3015,sandrapatterson
3016,catherinehernandez
3017,allencarmen
3018,lucasryan
3019,phensley
3020,dwallace
3021,stevensonmelissa
3022,michelegonzalez
3023,vballard
3024,natalie30
3025,nathanharrison
3026,taylorsteven
3027,isabelrichardson
3028,waltertrujillo
3029,wconway
3030,brian30
3031,paul27
3032,sanderssusan
3033,julie90
3034,taylorhughes
3035,elizabeth54
3036,petersscott
3037,haley01
3038,jhorn
3039,ncohen
3040,christophercopeland
3041,jzimmerman
3042,jonathanpark
3043,williamsaaron
3044,weaverdennis
3045,mary23
3046,kimberly74
3047,ubarton
3048,donnasherman
3049,rwilson
3050,ksims
3051,bhenderson
3052,ttate
3053,mary84
3054,ellisronald
3055,timothyhill
3056,andrevincent
3057,yblake
3058,jacksonmichelle
3059,lewisluis
3060,christinesullivan
3061,jonrodriguez
3062,elizabethmcdonald
3063,zochoa
3064,tylersalas
3065,singletonjon
3066,fyoung
3067,jesseanderson
3068,ramirezkyle
3069,brandyyates
3070,fmyers
3071,jonathangonzalez
3072,carolyn16
3073,qwatson
3074,gutierrezrachel
3075,ptran
3076,fullerrebecca
3077,karen69
3078,nguyenchristopher
3079,matthew71
3080,ramirezkatie
3081,ljackson
3082,jenniferjoseph
3083,taylor90
3084,carolynalvarez
3085,kimberlymartin
3086,lopezkelly
3087,bernard69
3088,zclarke
3089,morrisdeborah
3090,amber66
3091,julie58
3092,tdean
3093,billy62
3094,curtisryan
3095,urogers
3096,dcarlson
3097,robert61
3098,eric34
3099,jessica58
3100,smithcrystal
3101,marshalljohnny
3102,samantha12
3103,gwalker
3104,sheamatthew
3105,chadlopez
3106,simpsonjamie
3107,david34
3108,otorres
3109,qadams
3110,nicholas29
3111,amberweiss
3112,michelle44
3113,sanchezkevin
3114,hamiltonmichael
3115,acostatracy
3116,josephday
3117,vincent61
3118,williamstaylor
3119,brian37
3120,qmartinez
3121,nwilliams
3122,bwinters
3123,davidanderson
3124,hschaefer
3125,rwalton
3126,kimberly30
3127,ihopkins
3128,jeffrey84
3129,woodrobert
3130,fieldsamanda
3131,kdawson
3132,steelealexis
3133,brian97
3134,mark11
3135,townsendrodney
3136,shawn14
3137,qgraves
3138,thompsonbrandy
3139,ryanyork
3140,jamie73
3141,psilva
3142,stonemichele
3143,lawsonabigail
3144,randy14
3145,jennifergomez
3146,zgray
3147,courtney99
3148,scottpennington
3149,malonekathy
3150,roger23
3151,wesleypotter
3152,floresscott
3153,andradeaustin
3154,kevinchen
3155,xmyers
3156,nramos
3157,ymurray
3158,jennifer07
3159,toddsteven
3160,padillaelaine
3161,kweaver
3162,xmoran
3163,santiagojennifer
3164,autumn82
3165,robert43
3166,vincent23
3167,davisana
3168,curtis87
3169,andrewwilliams
3170,barbersteven
3171,kaitlynmoss
3172,timothy86
3173,yjones
3174,costarobert
3175,lsalinas
3176,jean18
3177,lindsayburgess
3178,john72
3179,kyle10
3180,raymond51
3181,michelle48
3182,judith74
3183,harriscraig
3184,rlang
3185,irwinmatthew
3186,ihuffman
3187,sanchezrobert
3188,berrylisa
3189,livingstonpatricia
3190,gevans
3191,teresajenkins
3192,ihunter
3193,marcia91
3194,elara
3195,jennamerritt
3196,munozscott
3197,ujohnson
3198,ruizshelly
3199,lauramunoz
3200,ebarrett
3201,hmiller
3202,rosskaren
3203,davisrebecca
3204,cruzamanda
3205,mcguirearthur
3206,herrerawanda
3207,morganschultz
3208,thomassalinas
3209,andrewwilkerson
3210,edwin54
3211,walter26
3212,gordonfrancisco
3213,audreypowell
3214,ajohnson
3215,salinasrobert
3216,lopezcassandra
3217,yolandajohnson
3218,carlaphillips
3219,martinmiddleton
3220,hyork
3221,derek73
3222,jonsmith
3223,staceymays
3224,iking
3225,yjohnson
3226,reesejacob
3227,rick13
3228,larry81
3229,prodgers
3230,irwinjorge
3231,chapmanjerry
3232,ashleyrodgers
3233,madison95
3234,fgentry
3235,clarkjared
3236,michael06
3237,brettcastro
3238,melissahebert
3239,tmerritt
3240,kelly36
3241,ronaldpark
3242,sbates
3243,stephanie62
3244,richardjackson
3245,rachel97
3246,laurenking
3247,ovazquez
3248,scottgregory
3249,chloefrye
3250,deborah87
3251,dflynn
3252,yvette37
3253,colton19
3254,zmoore
3255,hartstephanie
3256,amanda94
3257,vanessa64
3258,timothy64
3259,jessicafleming
3260,jennyroberts
3261,lawsonrachel
3262,allison01
3263,grantarnold
3264,qcole
3265,gjones
3266,david89
3267,monica69
3268,heathvanessa
3269,pattersonhenry
3270,roberto58
3271,jeffreyfisher
3272,george88
3273,richard35
3274,shelby94
3275,rick51
3276,ramirezjodi
3277,amanda28
3278,rodriguezdaniel
3279,jenkinspeter
3280,ashleysmith
3281,valerie97
3282,emily83
3283,john97
3284,kristine10
3285,nicholascook
3286,john67
3287,dunnjoshua
3288,ucruz
3289,wdiaz
3290,laura36
3291,stephen92
3292,theresa99
3293,mwilliams
3294,cmendoza
3295,zachary43
3296,gary28
3297,stephaniejohnson
3298,rachelcollins
3299,wmendoza
3300,alyssa95
3301,laura11
3302,clarkalexandria
3303,ywells
3304,therrera
3305,dana46
3306,westjoseph
3307,ykelley
3308,williamstravis
3309,fletcherrichard
3310,gloriagarcia
3311,david35
3312,ramirezlindsey
3313,brandiwatson
3314,xbradley
3315,kevinware
3316,millsjacob
3317,pbailey
3318,nicolebauer
3319,connor47
3320,savannahbaker
3321,mashley
3322,harrisnicolas
3323,victoria39
3324,tracydean
3325,taylorbrandon
3326,espinozaryan
3327,randallpayne
3328,johngeorge
3329,lgoodman
3330,nelsonolivia
3331,laurie55
3332,gutierrezmatthew
3333,alexis27
3334,nicholas42
3335,xcrawford
3336,imacdonald
3337,wfrench
3338,allenelizabeth
3339,gonzalezmaria
3340,brittany12
3341,ryanelliott
3342,josewest
3343,egonzalez
3344,yadkins
3345,williamsthomas
3346,kelsey29
3347,jroach
3348,zachary51
3349,michelle70
3350,danieltaylor
3351,contrerasseth
3352,ryan65
3353,joseph13
3354,maryrodriguez
3355,dawn89
3356,travisevans
3357,karen43
3358,christophersuarez
3359,knguyen
3360,jose25
3361,mary35
3362,mackenziecunningham
3363,nancy10
3364,diamondneal
3365,anita87
3366,ctorres
3367,vasquezwillie
3368,robertsjennifer
3369,jerry73
3370,monicahall
3371,davidbrown
3372,oprice
3373,robertmorrison
3374,bradley99
3375,nicholasbridges
3376,qtaylor
3377,fhood
3378,carolynglover
3379,allenlowe
3380,doris48
3381,mathewpace
3382,schmidtlacey
3383,wrightjoseph
3384,morabrandon
3385,kennethblake
3386,ddavis
3387,meadowsnatalie
3388,johnsonjuan
3389,smithlori
3390,hooversteven
3391,sarahmorris
3392,jeremysmith
3393,hmartin
3394,heather94
3395,ljohnson
3396,michelle98
3397,richardsrobert
3398,tsanders
3399,lopezerin
3400,lphillips
3401,igonzalez
3402,jeremy90
3403,gcox
3404,ryanrobert
3405,jadehill
3406,michaelmelton
3407,joshua80
3408,carla39
3409,qgrant
3410,millerbrittney
3411,valdezthomas
3412,hopkinsnatasha
3413,unguyen
3414,anthony88
3415,geverett
3416,natashagarcia
3417,esparzavickie
3418,martinkatelyn
3419,rrubio
3420,twilkins
3421,kelleystacey
3422,rossroy
3423,lwalker
3424,katieshelton
3425,deanmcdaniel
3426,davidbecker
3427,russellbarnes
3428,williamsnorma
3429,randallanthony
3430,elizabeth96
3431,kaitlinboyd
3432,ginasaunders
3433,robertwilcox
3434,jillrobinson
3435,jchen
3436,adamscourtney
3437,coxkaitlyn
3438,zsmith
3439,ingramdavid
3440,marco26
3441,framos
3442,richard30
3443,mccartypenny
3444,bgraham
3445,conniewalls
3446,santanabenjamin
3447,alexanderhenderson
3448,jamie36
3449,xthompson
3450,ronaldturner
3451,harrisjessica
3452,gutierrezerin
3453,anthonyschmidt
3454,oadams
3455,vacosta
3456,carlsonkelsey
3457,hectorwilson
3458,qbarker
3459,joel08
3460,lauren98
3461,riverapatricia
3462,dustinmcintosh
3463,robert75
3464,ricky92
3465,jill63
3466,johnsonbrenda
3467,iwilliams
3468,johnsonjennifer
3469,sbriggs
3470,obaldwin
3471,simmonslaura
3472,dstrong
3473,brandy67
3474,cnorris
3475,garrettjanet
3476,ybanks
3477,griffinjames
3478,wendytodd
3479,hernandezandrea
3480,mia93
3481,chambersjoseph
3482,solistracy
3483,laurahudson
3484,jeanreed
3485,emilymorris
3486,jameswoods
3487,fhester
3488,danielacevedo
3489,mooremichael
3490,ronaldreese
3491,jessica16
3492,nroman
3493,ybeck
3494,kennedysharon
3495,cardenasgregory
3496,aliciarice
3497,rebeccahunter
3498,bethanylewis
3499,ygardner
3500,garrettdavid
3501,dshort
3502,ramirezjulie
3503,jlawson
3504,debbielara
3505,kristen11
3506,jeffreythomas
3507,bill36
3508,martineztaylor
3509,andrewmann
3510,bward
3511,dandrews
3512,spencerkathy
3513,adam60
3514,edward59
3515,samantha77
3516,riverakrista
3517,kiarazuniga
3518,erica74
3519,ellisjohn
3520,stephanie52
3521,emilystewart
3522,cvillegas
3523,toddjackson
3524,gloriamelendez
3525,richardwatson
3526,mclaughlinmelissa
3527,michael50
3528,thompsonrichard
3529,michael79
3530,samanthachen
3531,greentim
3532,scottroy
3533,ysmith
3534,dominguezkeith
3535,zmichael
3536,eward
3537,christina53
3538,wingram
3539,rebekah62
3540,jasmin70
3541,johnsonwesley
3542,durhamdonna
3543,fbullock
3544,theodoremoore
3545,alvaradomarie
3546,ann02
3547,donna48
3548,peter19
3549,nwillis
3550,omoore
3551,antoniocarrillo
3552,wgross
3553,dkelly
3554,paynebrenda
3555,jodymorris
3556,fmartinez
3557,mindy36
3558,andersondouglas
3559,karen96
3560,alicegriffith
3561,ogordon
3562,ericschneider
3563,michael63
3564,michaelramsey
3565,hclark
3566,garykramer
3567,zmartin
3568,thernandez
3569,tcisneros
3570,kelly52
3571,brittany26
3572,marcia12
3573,haley50
3574,deanmary
3575,patricia15
3576,sfitzgerald
3577,andrew72
3578,qthomas
3579,hayeslauren
3580,ahale
3581,dawnjennings
3582,fshepard
3583,calebcampos
3584,lgarcia
3585,sarahcummings
3586,rturner
3587,hmcclure
3588,hhobbs
3589,john24
3590,belljenna
3591,qstark
3592,brittany11
3593,susanperez
3594,vbennett
3595,owolf
3596,awright
3597,courtney16
3598,marisasimmons
3599,antonio86
3600,castrorose
3601,danielsampson
3602,bjohnson
3603,zcook
3604,ericwilliams
3605,stephen80
3606,paul74
3607,williamsalan
3608,rhines
3609,tracyclark
3610,padillabrittany
3611,jason04
3612,nicholasvaldez
3613,bradley00
3614,solomoncameron
3615,ramirezmichelle
3616,ghuang
3617,christophergregory
3618,kevin20
3619,devon58
3620,jasonmiller
3621,johnstevens
3622,julie84
3623,wbrown
3624,ramosmichelle
3625,hfernandez
3626,jbailey
3627,rachelkoch
3628,jrobinson
3629,rebecca71
3630,sflores
3631,pamela00
3632,alexandercrystal
3633,joel57
3634,jamescynthia
3635,laura90
3636,pboyle
3637,stephaniegutierrez
3638,paulmccullough
3639,victoria24
3640,jeffrey69
3641,douglasvega
3642,robertsonedwin
3643,webbjeremiah
3644,chaseeric
3645,bergrobin
3646,davidrush
3647,ortizcheryl
3648,kingbrenda
3649,iansmith
3650,bennettnicholas
3651,moniquemonroe
3652,kathrynlawson
3653,rgarza
3654,kaylarichard
3655,helen73
3656,tflores
3657,reedheather
3658,zsanchez
3659,jessica70
3660,ivillanueva
3661,elizabeth73
3662,goodwinanthony
3663,matthew92
3664,frank62
3665,reyesmelissa
3666,jasminetaylor
3667,hhendricks
3668,cynthiaoneal
3669,browndawn
3670,johnsondanny
3671,tyler05
3672,phouse
3673,chudson
3674,ibarnes
3675,jacob69
3676,derek88
3677,kelly17
3678,shawn52
3679,tammydaugherty
3680,andersonstephanie
3681,shane59
3682,msmith
3683,franknelson
3684,cassidyenglish
3685,lee55
3686,lucasstephen
3687,stephanie81
3688,hrubio
3689,fitzgeraldgabriel
3690,emily63
3691,sandra58
3692,adrianharris
3693,riverajanice
3694,larryward
3695,fmccormick
3696,davisanna
3697,sarah61
3698,rachelrios
3699,jadereed
3700,torreselizabeth
3701,dmoss
3702,tiffany06
3703,wramos
3704,xwilson
3705,rwillis
3706,destinyrangel
3707,bushbrittany
3708,bradykimberly
3709,drivera
3710,breanna01
3711,moorerachel
3712,jordansteven
3713,kelsey32
3714,laura70
3715,karen77
3716,iwolfe
3717,woodwardjoshua
3718,alexandra69
3719,kmccormick
3720,lauradaniels
3721,sharonphillips
3722,joshuanguyen
3723,nnunez
3724,savannahsmith
3725,shawcharlotte
3726,greermichael
3727,gregory53
3728,richardseric
3729,loriware
3730,phillipsanchez
3731,michael10
3732,kferguson
3733,brian50
3734,meganparker
3735,djohnson
3736,christian64
3737,morrisruben
3738,jason85
3739,ian33
3740,rachelsullivan
3741,ashley31
3742,amywashington
3743,mjames
3744,davidarnold
3745,eric20
3746,veronica48
3747,chelseagarcia
3748,ojacobs
3749,matthew42
3750,emilyarnold
3751,daniel44
3752,jenniferharrison
3753,scotthowell
3754,jenniferfrederick
3755,dgarcia
3756,andrewmoore
3757,mwillis
3758,blakejennifer
3759,reyesdanielle
3760,josephdaniels
3761,bwilliams
3762,jrasmussen
3763,wduran
3764,lesliemccall
3765,juliemack
3766,blakesanford
3767,esmith
3768,michaelrios
3769,rowepatricia
3770,thomas66
3771,oblake
3772,rmarsh
3773,laraannette
3774,foleycrystal
3775,gabriella96
3776,sarah17
3777,richard24
3778,daniellewhite
3779,peter15
3780,joneslaura
3781,sandraallen
3782,qcombs
3783,meghanbell
3784,dmoran
3785,huntmegan
3786,lindseybrown
3787,michaelhughes
3788,tiffanyjensen
3789,skemp
3790,richardthompson
3791,jmoyer
3792,cummingsthomas
3793,christopher59
3794,paulprice
3795,ljordan
3796,ryanlee
3797,ihodges
3798,austin58
3799,williamscasey
3800,teresa91
3801,smithalicia
3802,yolanda78
3803,jennydavis
3804,williamrobertson
3805,derek90
3806,douglaspeter
3807,melissa74
3808,fosterkathryn
3809,cruzkara
3810,brianna26
3811,millerjohn
3812,ffoster
3813,ylong
3814,icaldwell
3815,masonjennifer
3816,patricia27
3817,joewhite
3818,andrew50
3819,john11
3820,noah79
3821,tanderson
3822,andersonbrian
3823,rhondasmith
3824,schmittcameron
3825,stephanie05
3826,jamesmolina
3827,foxbrandy
3828,colleen70
3829,littlebrittany
3830,taylor38
3831,jilliancook
3832,coreyjohnson
3833,rachelfrazier
3834,eterry
3835,aweaver
3836,ymartinez
3837,joycesamantha
3838,gary16
3839,lmahoney
3840,ycarter
3841,bcampbell
3842,katherinelewis
3843,lchristensen
3844,toddsnow
3845,utownsend
3846,fordcarol
3847,lopezjoseph
3848,xking
3849,ggriffin
3850,anthony13
3851,steven33
3852,prestonhowell
3853,meyerschristopher
3854,sydneyalvarez
3855,johnathanwatts
3856,uhowe
3857,briana89
3858,cstrickland
3859,christopherbanks
3860,mary16
3861,brooke47
3862,qsanders
3863,pricerandall
3864,angel71
3865,michael31
3866,banksscott
3867,samantha87
3868,yprice
3869,sandersleonard
3870,grayernest
3871,christinechavez
3872,neil92
3873,jacob58
3874,zmiller
3875,williamwright
3876,lawrencecisneros
3877,brightjames
3878,erica21
3879,kimcrystal
3880,nicholasford
3881,derrick69
3882,selenaorr
3883,coxwilliam
3884,brian06
3885,teresa56
3886,deanalexandra
3887,audreyboyd
3888,johnsonmegan
3889,eburgess
3890,hallchristopher
3891,sophiabutler
3892,melanielopez
3893,michael28
3894,hsmith
3895,lmoss
3896,robinsonkaren
3897,hleon
3898,laurenjohnson
3899,stephanie24
3900,edgar66
3901,iwilliams
3902,alisoncraig
3903,thomasalvin
3904,hardinjade
3905,garymiller
3906,lparker
3907,rebecca89
3908,melissaharvey
3909,charlesfreeman
3910,edwin65
3911,frankfernandez
3912,wrightmatthew
3913,morrisbriana
3914,davidwu
3915,contreraspaul
3916,april68
3917,bowmanmadison
3918,pparker
3919,khoward
3920,bradley61
3921,hallerin
3922,michael53
3923,hollyrodriguez
3924,jennifer96
3925,oliversierra
3926,hillmatthew
3927,xraymond
3928,bryanle
3929,kelly46
3930,fjohnson
3931,jillianjohnson
3932,sanchezmichael
3933,ablake
3934,urodriguez
3935,bullockjasmin
3936,anthonymartin
3937,rdougherty
3938,floresjohn
3939,comptonmary
3940,romeroheather
3941,msmith
3942,warrenwilliam
3943,josephtanya
3944,trogers
3945,jamesjennifer
3946,garmstrong
3947,xgarcia
3948,danieljeffrey
3949,scott19
3950,amymiller
3951,jessicaruiz
3952,perryjames
3953,irubio
3954,ebarrett
3955,jonessusan
3956,leewilliam
3957,linda58
3958,johnstonlindsey
3959,johncalderon
3960,huntvalerie
3961,wigginsstephen
3962,jaredcross
3963,taralawrence
3964,breweralicia
3965,theresa98
3966,tayloranita
3967,kelsey92
3968,donnabaker
3969,tiffanylin
3970,phelpswanda
3971,gravesmichael
3972,johnjacobs
3973,cheyenne98
3974,glloyd
3975,barkertodd
3976,munozalicia
3977,turnercarrie
3978,qjohnson
3979,stephaniepetersen
3980,johngarner
3981,urichards
3982,steven95
3983,thomas80
3984,stephen27
3985,agill
3986,amypowell
3987,gsmith
3988,harrisdebra
3989,vwilson
3990,hcastillo
3991,stephenstanley
3992,jramirez
3993,christinegarcia
3994,milleradrian
3995,jrussell
3996,wilsonjill
3997,felicia01
3998,shannonwilliamson
3999,mitchelljulie
4000,manderson
4001,grayjoseph
4002,jennifer39
4003,lallen
4004,jenningsamy
4005,justin79
4006,davidyu
4007,jasonharrison
4008,renee30
4009,burnettpaul
4010,richardselizabeth
4011,robertbarker
4012,jennifer24
4013,maryproctor
4014,edwardsfelicia
4015,carly87
4016,libarra
4017,ashleyjohnson
4018,jacksonjustin
4019,danaflores
4020,bguerrero
4021,patricia97
4022,vcross
4023,nvincent
4024,vargasdavid
4025,rbowman
4026,elizabeth38
4027,brendaphillips
4028,hmoore
4029,nicholsdustin
4030,cdunn
4031,justinking
4032,joann38
4033,amanda88
4034,gchan
4035,hannahwilcox
4036,jackdavis
4037,jose34
4038,timothymclaughlin
4039,mcmillanjeffery
4040,gmedina
4041,valerierice
4042,melinda99
4043,bwilliams
4044,jayala
4045,caseytodd
4046,lynchpatricia
4047,kstephens
4048,laura66
4049,uguerrero
4050,hortonrodney
4051,jeffreyscott
4052,jerrysmith
4053,xtucker
4054,masonnicholas
4055,woodtimothy
4056,blackbrianna
4057,pjackson
4058,scott03
4059,hamptonkelly
4060,danielle59
4061,danielsjoseph
4062,cboyd
4063,yoderjacqueline
4064,ashleycolon
4065,ryan65
4066,annemassey
4067,alexanderlee
4068,devingonzalez
4069,rbrown
4070,matthewfoster
4071,urobles
4072,jessicaweaver
4073,mooremelissa
4074,williamyork
4075,megan28
4076,jacob56
4077,kingjoan
4078,lopezmiranda
4079,kyle75
4080,vasquezsandra
4081,ashleyowens
4082,erin13
4083,daviddavidson
4084,julie49
4085,brianproctor
4086,jonathan44
4087,xharrington
4088,utaylor
4089,markdavis
4090,michelejohnson
4091,whiteaaron
4092,elamb
4093,rebecca76
4094,brendamurray
4095,hdavis
4096,barbaraparks
4097,stephanie79
4098,xmayer
4099,ptrujillo
4100,stevensjohn
4101,blairamy
4102,donaldsonamanda
4103,jenniferdavis
4104,rodney82
4105,victoriajackson
4106,christopherbowen
4107,robertbrooks
4108,martindavid
4109,bernardkathryn
4110,anthony57
4111,omarschroeder
4112,ruben91
4113,sarahwarren
4114,timothymora
4115,millertheresa
4116,xpage
4117,thompsonsummer
4118,jesse11
4119,connie56
4120,morgantownsend
4121,jshepherd
4122,johnsmith
4123,elizabethwillis
4124,marie30
4125,kennethholt
4126,fjenkins
4127,carrillojessica
4128,pblack
4129,jacksoncourtney
4130,wquinn
4131,sydneydonovan
4132,jennifer22
4133,john02
4134,danieladams
4135,zprice
4136,sperry
4137,villegascody
4138,marshallsherry
4139,katherine90
4140,marksmith
4141,morganrobert
4142,scottfox
4143,bjackson
4144,xalvarez
4145,brandon24
4146,cummingssabrina
4147,danielturner
4148,jamesgallagher
4149,maria87
4150,scottjeffrey
4151,james03
4152,joneskaren
4153,thomaspayne
4154,amber89
4155,matthewramirez
4156,tina27
4157,mmaynard
4158,michellejones
4159,jameskidd
4160,amandamartin
4161,scott42
4162,christopher33
4163,sharongomez
4164,yrodriguez
4165,michaelshaw
4166,donaldbrown
4167,stokestrevor
4168,gregorywest
4169,michellemartin
4170,maxwellangela
4171,jasonhill
4172,estout
4173,kennethwilliams
4174,grahammadison
4175,oayala
4176,kelly41
4177,fowlermadison
4178,jenkinswanda
4179,pgill
4180,tracihenderson
4181,osmith
4182,lopezzachary
4183,daveortega
4184,petersrenee
4185,hsimmons
4186,tkhan
4187,cherylwallace
4188,matthewcaldwell
4189,fredbradley
4190,kelly55
4191,michaelallen
4192,jeremylopez
4193,christie29
4194,wayne51
4195,john77
4196,jacob82
4197,zwilson
4198,kendra99
4199,baileyjoshua
4200,joprice
4201,qburke
4202,oolson
4203,waynewhite
4204,michael69
4205,dominiquesmith
4206,kimberly74
4207,traciecase
4208,richard72
4209,youngclayton
4210,powellsarah
4211,ashlee91
4212,aliciacarlson
4213,susanmurphy
4214,ncortez
4215,traviscastro
4216,christopher88
4217,troy57
4218,christine38
4219,shannon13
4220,jason79
4221,christophersanders
4222,thomasholmes
4223,emilymunoz
4224,kroberts
4225,derek82
4226,yriley
4227,robertadams
4228,fhernandez
4229,handerson
4230,jimenezsuzanne
4231,ricardobrooks
4232,joshuabaird
4233,qriddle
4234,emeza
4235,andersonheidi
4236,leslie21
4237,stacey98
4238,jameswebster
4239,mark18
4240,gsullivan
4241,dianajohnson
4242,espinozacourtney
4243,jill58
4244,aaron45
4245,mfuentes
4246,nicolegarrett
4247,cesargoodwin
4248,shelby47
4249,ymoore
4250,robert59
4251,stacyyoung
4252,montoyasabrina
4253,gregory43
4254,adkinschristian
4255,miguel26
4256,olsensamantha
4257,patrick93
4258,jlee
4259,waltercarroll
4260,kerrbenjamin
4261,justin96
4262,bakerlauren
4263,martinezrichard
4264,jonesmatthew
4265,turnerbrittany
4266,amberdavies
4267,robert22
4268,carol19
4269,linda17
4270,ujohnson
4271,lrodriguez
4272,elizabetharmstrong
4273,cookmichele
4274,juliehanson
4275,angela40
4276,williamfrazier
4277,odonnelljames
4278,kendra46
4279,hodgekevin
4280,andrewweaver
4281,dthomas
4282,lmoreno
4283,emma56
4284,wrightjoseph
4285,jennybradford
4286,katie09
4287,bfernandez
4288,snowchristopher
4289,jenningssusan
4290,fieldstheresa
4291,christopher62
4292,floydjonathan
4293,william64
4294,alicedaugherty
4295,denise93
4296,erik83
4297,davidmays
4298,alvarezmark
4299,jdyer
4300,sarah27
4301,leerandy
4302,jessica67
4303,jeremy94
4304,racheljones
4305,omargarcia
4306,kyle77
4307,tknight
4308,barnold
4309,ajohnson
4310,melissaarias
4311,mayschristopher
4312,romerolaura
4313,sarah65
4314,ccooper
4315,jordanmorales
4316,jameslynch
4317,jhernandez
4318,stokesthomas
4319,timothytaylor
4320,brenthamilton
4321,sharpkristin
4322,kristen52
4323,crystalgarza
4324,bergelizabeth
4325,cooperdevin
4326,andrewharrison
4327,fsmith
4328,jennifercraig
4329,francisjonathan
4330,bmiller
4331,barajasbrian
4332,bauerrussell
4333,edward66
4334,bgriffin
4335,amberlawson
4336,evanssamantha
4337,xwilson
4338,rothjoel
4339,kimberlybowman
4340,chasebryan
4341,wilkersonkeith
4342,joseph46
4343,hweber
4344,qgutierrez
4345,jenniferallen
4346,caseycheryl
4347,matthewserin
4348,brooksian
4349,roberto18
4350,masonduarte
4351,sgarcia
4352,matthew18
4353,david40
4354,lbennett
4355,samantha76
4356,daniel18
4357,petersontamara
4358,lbaker
4359,jamescassidy
4360,lweber
4361,moorelisa
4362,ruizmichael
4363,khunt
4364,charlottehill
4365,george25
4366,brandygordon
4367,matthew99
4368,vincenthartman
4369,amy67
4370,robert92
4371,sparksjamie
4372,julielopez
4373,huangsarah
4374,richardharris
4375,hdavidson
4376,pturner
4377,todd63
4378,russelllisa
4379,ejohnston
4380,ernest28
4381,whitepatricia
4382,elizabethedwards
4383,lucasmurphy
4384,paul77
4385,mahoneymichael
4386,smithlynn
4387,jared16
4388,cynthia45
4389,paulbell
4390,danieljennings
4391,waltersmith
4392,yrobinson
4393,cardenasthomas
4394,mariebaldwin
4395,charlessabrina
4396,jacquelinedavenport
4397,amandamartin
4398,linda90
4399,kathy08
4400,taylorkathryn
4401,blacktommy
4402,matthew98
4403,wdawson
4404,freyes
4405,cstanley
4406,kingmelissa
4407,zchristensen
4408,donaldanderson
4409,lauren10
4410,ljohnson
4411,edward08
4412,matthewtran
4413,mariastewart
4414,andrew21
4415,mthomas
4416,xhill
4417,duncankaren
4418,gmitchell
4419,klopez
4420,jenningsmackenzie
4421,april22
4422,elijahcarr
4423,johnsonlisa
4424,nielsenmichael
4425,amandahess
4426,hernandezstephanie
4427,margaretbuchanan
4428,zkelley
4429,dianehill
4430,jasonblake
4431,andrew58
4432,ochristensen
4433,susanwilliams
4434,reedbonnie
4435,rmartin
4436,cynthia73
4437,austinfreeman
4438,ronnie31
4439,melissa29
4440,bcarr
4441,michael67
4442,lynnhart
4443,ythompson
4444,bobbyanderson
4445,muellerstephanie
4446,whitewilliam
4447,david22
4448,dananovak
4449,valenciamichelle
4450,kelly75
4451,richard05
4452,lopezdaniel
4453,wilsonchristopher
4454,emily87
4455,aburns
4456,karen50
4457,wandaramos
4458,lindamarshall
4459,lwilliams
4460,theresaburns
4461,suzanne57
4462,codytate
4463,fkent
4464,xforbes
4465,hlopez
4466,pamela43
4467,lamcindy
4468,pgoodman
4469,dholt
4470,patelcharles
4471,kellyshelton
4472,bradyroberta
4473,qmoran
4474,qfranklin
4475,staciesmith
4476,gleach
4477,pwaters
4478,mooremelinda
4479,ijackson
4480,rosepeter
4481,garciaangela
4482,bbarnes
4483,tammygarcia
4484,micheal74
4485,cruzmichael
4486,mary20
4487,qthompson
4488,csimpson
4489,hortonstephen
4490,victorprice
4491,theresanguyen
4492,simmonsheather
4493,nancybrown
4494,joconnor
4495,ggonzales
4496,wdavis
4497,wreed
4498,robersonjeffrey
4499,gpage
4500,barkerroy
4501,wchurch
4502,mitchellpaige
4503,tmullen
4504,zjohnson
4505,brandonthomas
4506,frankdunn
4507,lisa03
4508,zsaunders
4509,travis11
4510,ygreene
4511,daniel40
4512,christinagamble
4513,jacob61
4514,sandra02
4515,nnichols
4516,eali
4517,ostewart
4518,william25
4519,howarderic
4520,joseph35
4521,alexisvaldez
4522,andrewbaker
4523,ymartinez
4524,sarascott
4525,hshelton
4526,diana59
4527,hclark
4528,kevin80
4529,thomas97
4530,nbennett
4531,cervantesholly
4532,fsmith
4533,alex05
4534,grivera
4535,edward93
4536,catherinegriffith
4537,bensonpamela
4538,nicolelutz
4539,becky89
4540,obass
4541,brendapruitt
4542,feliciayang
4543,kaitlyn09
4544,oanderson
4545,andrea79
4546,pam27
4547,fgill
4548,petergordon
4549,lopezlisa
4550,patrickkline
4551,christina07
4552,brian19
4553,brian74
4554,allisonjuarez
4555,ghickman
4556,wallen
4557,perezmichael
4558,brandon19
4559,nhanna
4560,royhenry
4561,harrishannah
4562,belljason
4563,robert31
4564,freemanjames
4565,david67
4566,taylorstacy
4567,bethchristensen
4568,zimmermanthomas
4569,garzavanessa
4570,josephtaylor
4571,arubio
4572,sherrywall
4573,jenniferhoward
4574,gbrooks
4575,huangstephanie
4576,adrianpetersen
4577,james70
4578,randerson
4579,carlacole
4580,daniel08
4581,guerrerostephen
4582,judythomas
4583,joseph89
4584,parsonsjennifer
4585,joseph92
4586,jacobfaulkner
4587,brenda09
4588,jameswilliams
4589,clarkthomas
4590,samuelbryan
4591,yrogers
4592,sheliahamilton
4593,christopher73
4594,whitney49
4595,moralesdennis
4596,abush
4597,richardrios
4598,santospaul
4599,zamorabarbara
4600,elizabethblackburn
4601,kimberlywebb
4602,patriciamckay
4603,william37
4604,kimhensley
4605,cmcclain
4606,blairstephanie
4607,haynesmelissa
4608,dnavarro
4609,brian03
4610,vhoward
4611,robert95
4612,crystal61
4613,donnapitts
4614,rmorris
4615,pamelaromero
4616,whitethomas
4617,timothy54
4618,richardsonkimberly
4619,cynthiawilliams
4620,ubryant
4621,lauren16
4622,johnsonchristina
4623,schmidtjames
4624,yhouse
4625,johnsonamber
4626,downsrhonda
4627,kristin19
4628,kflores
4629,lsimon
4630,emily07
4631,madams
4632,ann54
4633,schneiderlindsay
4634,curtis02
4635,jennifercastillo
4636,daniel15
4637,ndavis
4638,harrelljohn
4639,javier48
4640,christianstone
4641,alecyoung
4642,joelrojas
4643,jessica00
4644,bperez
4645,sonyapalmer
4646,taylorsmith
4647,maria91
4648,keymark
4649,yscott
4650,carrvictoria
4651,patricia50
4652,frankclark
4653,ronald49
4654,victoriachavez
4655,brandon38
4656,harpermelissa
4657,hshaffer
4658,qtaylor
4659,pinedajames
4660,annette18
4661,marksmith
4662,derrickbarrera
4663,guzmanjonathon
4664,michaelherrera
4665,imeyer
4666,taylormichelle
4667,stephaniecarrillo
4668,johnsonwilliam
4669,morgan95
4670,bauerlauren
4671,alexander04
4672,lcompton
4673,akennedy
4674,eharvey
4675,andrewfoster
4676,rojaslinda
4677,jcharles
4678,ericsmith
4679,smithtyler
4680,davidwilliams
4681,nwoodard
4682,fmontoya
4683,sherry14
4684,linda65
4685,jenna24
4686,matthewpayne
4687,cliffordhuff
4688,ogriffin
4689,brian77
4690,ewilliamson
4691,joshua57
4692,jarmstrong
4693,felicia19
4694,bmitchell
4695,kflores
4696,orrtravis
4697,millergary
4698,castillojames
4699,tmoore
4700,jacob86
4701,travisalexander
4702,landerson
4703,browncarol
4704,sierracook
4705,lvelazquez
4706,ojimenez
4707,micheal93
4708,scampbell
4709,amber60
4710,brad32
4711,tgill
4712,estevens
4713,john37
4714,meltonmaria
4715,thomashaney
4716,pricemonica
4717,andrealarson
4718,jennifer06
4719,vjackson
4720,gcook
4721,jensensonia
4722,tgonzalez
4723,jasoncopeland
4724,mooreandrew
4725,brandon01
4726,michaelmccarty
4727,charleshoward
4728,perezcrystal
4729,kevinmurray
4730,nsparks
4731,tara13
4732,alexandergalloway
4733,kelly41
4734,ryan76
4735,rebecca86
4736,luis69
4737,andrea29
4738,rachel24
4739,garcher
4740,rodgerstoni
4741,martinwilson
4742,qsolis
4743,natasha87
4744,xhoward
4745,michaelmiles
4746,beverly66
4747,bryan58
4748,fblackburn
4749,sgarcia
4750,ttaylor
4751,stephen18
4752,robert16
4753,david90
4754,rmcintosh
4755,dalehouston
4756,benjaminchen
4757,yvonneflores
4758,oconnelltony
4759,dkim
4760,alice98
4761,weaverluke
4762,emily53
4763,ericbrown
4764,kmoore
4765,nancy48
4766,cmorse
4767,richard05
4768,haley88
4769,qmorrow
4770,tuckerjuan
4771,griffinmichael
4772,ymiller
4773,dylanlewis
4774,moodymarcus
4775,alexiswalsh
4776,gsanchez
4777,robin53
4778,david54
4779,wallacenicole
4780,derekrose
4781,thomascook
4782,connie14
4783,swinters
4784,glennsarah
4785,shane62
4786,patrick60
4787,glendadavis
4788,erikaortega
4789,dalton96
4790,amandabrooks
4791,justinjohnson
4792,swansonmartin
4793,smithjoel
4794,davidwoodward
4795,smithterri
4796,marisachase
4797,joyobrien
4798,montoyajordan
4799,fmclaughlin
4800,rhardy
4801,raymondgriffith
4802,shelbybrown
4803,jacob87
4804,joshua62
4805,rachelhodges
4806,andersondiana
4807,rodneymontoya
4808,jparker
4809,chasejohn
4810,amysimmons
4811,dmartin
4812,jennifer30
4813,ychurch
4814,carlos28
4815,xarcher
4816,amanda86
4817,waltersjaime
4818,kyle35
4819,lhenderson
4820,william14
4821,colemanbrittany
4822,kimberlymoreno
4823,wagnerearl
4824,chelsea05
4825,powerssandra
4826,andersonamber
4827,dbailey
4828,twells
4829,tabithamullins
4830,lsullivan
4831,kellyjohnson
4832,fitzpatrickcharles
4833,rboyd
4834,lcobb
4835,kholloway
4836,owenskristen
4837,hunteroscar
4838,lsaunders
4839,traciconway
4840,brooksjustin
4841,ebrown
4842,jrodriguez
4843,wcarter
4844,jeffery17
4845,cynthiabarnes
4846,jsmith
4847,frederick54
4848,david28
4849,james41
4850,andrewsashley
4851,salasrobert
4852,kennethgriffin
4853,rosseileen
4854,thompsonjason
4855,vincent03
4856,herringcatherine
4857,pittssteven
4858,david83
4859,jillmartin
4860,phillip56
4861,taylortanner
4862,laurasmith
4863,jessicapaul
4864,andreaellis
4865,andreaperez
4866,ufox
4867,aliciamurphy
4868,austinbobby
4869,cruzjames
4870,rross
4871,hprice
4872,wigginsrandall
4873,heatherwalker
4874,philip01
4875,acordova
4876,lisahoffman
4877,rebeccamitchell
4878,gwalters
4879,mackenziejennings
4880,jessica21
4881,alexis43
4882,mathew62
4883,marcus91
4884,dickersondaniel
4885,brownmolly
4886,howardkelly
4887,lreed
4888,carterjennifer
4889,maryreyes
4890,campbelltimothy
4891,wnelson
4892,oneillkathryn
4893,marshallmatthew
4894,esantana
4895,jessicasellers
4896,gonzalesmarisa
4897,gordonjason
4898,josephjackson
4899,burkebrenda
4900,heidijones
4901,edwardsadrian
4902,courtney12
4903,washingtondavid
4904,kristinsmith
4905,hvargas
4906,swillis
4907,boltonjordan
4908,joankim
4909,parksashley
4910,alvaradoanita
4911,nicole20
4912,ajones
4913,murrayjoshua
4914,jmcdonald
4915,carrstephanie
4916,anthonybaird
4917,nicolehiggins
4918,martinezmichael
4919,donna30
4920,bryan94
4921,craigclark
4922,tiffany33
4923,stephaniemcgee
4924,aestes
4925,pauldrake
4926,alan69
4927,reedjennifer
4928,garciakyle
4929,john51
4930,aaron21
4931,brettsilva
4932,sean67
4933,christopherlee
4934,whitneyjones
4935,samantha12
4936,jeffreywebb
4937,uedwards
4938,odonnelljoshua
4939,yrogers
4940,jasonhernandez
4941,anthony16
4942,donaldferguson
4943,tiffany21
4944,mdiaz
4945,khayes
4946,mary87
4947,qhensley
4948,destrada
4949,wrightpamela
4950,michael47
4951,peter07
4952,ellisdavid
4953,julie04
4954,claytonmadeline
4955,jakeward
4956,tara43
4957,susan28
4958,lstewart
4959,njackson
4960,daltonvalerie
4961,sabrinacunningham
4962,barrerasheila
4963,melvinbutler
4964,davidrose
4965,eric46
4966,autumn83
4967,andersonmichelle
4968,wwatkins
4969,greensara
4970,michael94
4971,uwarner
4972,petersonmathew
4973,kevin40
4974,uphillips
4975,ithomas
4976,nelsonkelli
4977,smithaaron
4978,johnmatthews
4979,tranzachary
4980,castanedaangela
4981,estesshaun
4982,timothy40
4983,mpugh
4984,fbrown
4985,matthew67
4986,imcdaniel
4987,matthew45
4988,bluna
4989,hensleymarcia
4990,gordonanna
4991,petersfrank
4992,rebeccasanchez
4993,hickskatrina
4994,james35
4995,davidphillips
4996,debrajohnson
4997,qrogers
4998,pharvey
4999,jonesdebra
5000,david89
